Index,Institute code,College Name,Address
1,3001,"Jamnalal Bajaj Institute of Management Studies, Mumbai","Dadabhai Navroji House, 164, Backbay Reclamation, H. T. Parekh Marg, Rd No.3, Churchgate Mumbai , 400020"
2,3002,"Sydenham Institute of Management Studies & Research & Entrepreneurship Education(SIMSREE), Mumbai","B-Road, Churchgate, Mumbai  400020"
3,3003,"Alkesh Dinesh Modi Institute for Financial & Management Studies, Mumbai","Joravar Bhavan,opp.new boys hostel, mumbai university Kalina Vidyanagari campus,Santacruz(E.)Mumbai- 400 098"
4,3004,"Jankidevi Bajaj Institute of Management Studies, Santacruz, Mumbai","Sir Vithaldas Thackersey Vidya Vihar, Juhu Road, Santacruz(w), Mumbai 400049"
5,3005,"Government College of Pharmacy, Ratnagiri","Government Polytechnic Campus, Near Thiba Palace, Ratnagiri"
6,3006,"Government Institute of Printing Technology, Mumbai","J.J School Of Architecture Compound, Near Cst Station, Mumbai 400001"
7,3007,"Government Polytechnic, Mumbai","49, Ali Yawar Jung Marg, Kherwadi, Bandra(E), Mumbai 400051"
8,3008,"Government Polytechnic, Pen","At Post Ramwadi, Tal.Pen, Dist.Raigad. Raigad , 402107"
9,3009,"Government Polytechnic, Ratnagiri","Near Thiba  Palace, Ratnagiri , 415612"
10,3010,"Government Polytechnic, Malvan","A/P Kumbharmath, Malvan, Sindhudurg , 416606"
11,3011,"Government Polytechnic, Thane","At Phadke Pada, Opp. Bharat Gears,Mumbra Shil Road,Opp Bharat  Ltd. Thane , 400612"
12,3012,"Veermata Jijabai Technological Institute(VJTI), Matunga, Mumbai","H.R. Mahajani Marg, Matunga, Mumbai "
13,3013,"Government Polytechnic, Vikramgad.","ZadPoli, Shil Road, at post Shil, Tal. Vikramgad, District Palghar"
14,3014,"Sardar Patel College of Engineering, Andheri","Munshi Nagar, Andheri (West),  Mumbai - Suburban ,Mumbai "
15,3015,"Prin. K.M. Kundnani College of Pharmacy, Mumbai","Plot No. 23, Jote Joy, Rambhau Salgaonkar Marg, Cuffe Parade Mumbai"
16,3016,"Bombay College of Pharmacy, Santacruz(E), Mumbai","Kalina, Santacruz (E), Mumbai "
17,3017,"C U Shah College of Pharmacy for Women, Mumbai","Sir Vithaldas Vidyavihar,(SNDT Women Uni)Juhu Road, Santacruz(w) Mumbai"
18,3018,"Rachna Sansad Academy Of Architecture,Mumbai","278, Shankar Ghanekar Marg, Behind Ravindra Natya Mandir, Prabhadevi,Mumbai"
19,3019,"Sir J. J. College of Architecture, Mumbai","78 / 3, Dr. D.N. Road, Fort, Mumbai"
20,3020,"Sasmira's Institute of Manmade Textiles, Mumbai","Dr. A.B. Road, Sasmira Marg, Worli, Mumbai. 400030"
21,3021,"K. J. Somaiya Polytechnic, Mumbai","Vidyanagar, Mumbai , 400077"
22,3023,"St. Xavier's Technical Institute, Mumbai","Mahim Causeway Road, Mahim, Mumbai , 400016"
23,3024,"Sophia Shree B.K. Somani Memorial Polytechnic), Mumbai","Sophia Shree B. K. Somani Memorial Polytechnic, Mumbai , 400026"
24,3025,"Shri Bhagubhai Mafatlal Polytechnic, Mumbai","N.R.G. Gadkari Marg, Mumbai , 400056"
25,3026,"M. H. Saboo Siddik Polytechnic, Mumbai","Anjuman-I-Islam's M.H.Saboo Siddik Polytechnic, 8, Shepherd Rd, Byculla, Mumbai"
26,3027,"Premlila Vithaldas Polytechnic(Womens),Mumbai","SNDT Women's University,Juhu Road,Santacruz (W) Mumbai - Suburban , 400049"
27,3028,"Father Agnel Technical College (Polytechnic), Bandra(W), Mumbai","Fr. Agnel Ashram Mumbai , 400050"
28,3032,"S.N.D.T Women's University P.G.D. of Computer Science, Mumbai","Sir Vithaldas Thackersey Vidya Vihar,  Juhu Road, Santacruz(w), Mumbai - 400049"
29,3033,"Dr. Babasaheb Ambedkar Technological University, Lonere","Vidyavihar, P.O. Lonere, Ta-Mangaon Dist. Raigad "
30,3035,"Usha Mittal Institute of Technology SNDT  Women's University, Mumbai","SNDT  Women's University, Mumbai Juhu Campus, Santacruz (W), Mumbai "
31,3036,"Institute of Chemical Technology, Matunga, Mumbai","Nathalal Parikh Marg, Matunga, Mumbai "
32,3039,"Hydrabad (Sind) National Collegiate K.M.Kundanani Pharmacy Polytechnic,Ulhasnagar Dist-Thane","Opp. Ulasnagar Railway Station, Thane , 421003"
33,3040,"Dr. Babasaheb Ambedkar Tech.University,Institute of Petrochemical Engineering,Lonere,Raigad","Vidyavihar,P.O.Lonere,Tal-Mangaon. Raigad , 402103"
34,3041,PREMLILA VITHALDAS POLYTECHNIC Pharmacy shifted to 3027 from 3041,"SNDT Women's University, Juhu Road, Santacruz(W), Mumbai sub"
35,3101,"Bharti Vidyapeeth's Institute of Management Studies & Research, Navi Mumbai",Sector 8 CBD Belapur Navi Mumbai
36,3102,"Chetana's Ramprasad Khandelwal Institute of Management & Research, Mumbai","Survey No. 341, Govt. Colony, Bandra (E), Mumbai  400051"
37,3103,"K. J. Somaiya Institute of Management Studies & Research, Mumbai","Vidyanagar, Vidyavihar (E),  Mumbai  400077"
38,3104,"Lala Lajpatrai Institute of Management, Mumbai","Lala Lajpatrai Marg,  Mahalaxmi, Mumbai - 34."
39,3105,"Mahatma Gandhi Mission's Institute of Management Studies & Research, Kamothe","At.Junction NH4,Sion Panvel Express Highway,Kalamboli,Kamothe,Navi Mumbai Raigad , 400706"
40,3106,"MET's Institute of Management, Mumbai","Gen. Arunkumar Vaidya Chowk, Bandra (W), Mumbai  400050"
41,3107,"Prin. L. N. Welingkar Institute of Management Development & Research, Mumbai","Lakhamsi Nappo Road, Next To R.A. Podar College of Commerce, Matunga(E), Mumbai 400019 "
42,3108,"Rizvi Institute of Management Studies & Research, Mumbai","New Rizvi Education Complex, Off. Carter Road,  Bandra (W) Mumbai , 400050"
43,3109,"S.I.E.S. College of Management Studies, Mumbai","Sri. Chandrasekarandra Saraswathy Vidyapuram,  Plot 1 E, Sector-5, Nerul, Navi Mumbai Raigad , 400706"
44,3110,"Vivekanand Education Society's Institute of Management Studies & Research, Mumbai","495-497,Collectors' Colony, Near Muncipal School, Chembur  Mumbai , 400074"
45,3111,"N. L. Dalmia Institute of Management Studies and Research, Mumbai","Srishti, Sector-I, Mira Road (E), Mumbai Thane , 401104"
46,3112,"Indian Education Society's Management College & Research Centre, Mumbai","Vishwakarma M.D ,Lotlikar Vidya Sankul, 791, Shri Krishnachand Marg,  Opp. Lilavati Hospital, Bandra Reclamation, Bandra (W), Mumbai , 400050"
47,3113,"Maratha Mandir's Babasaheb Gawde Institute of Management Studies, Mumbai","4th Floor, Maratha Mandir's Annex, Babasaheb Gawde Chowk, Dr.  A.B. Nair Rd.,  Mumbai Central, Mumbai (M.S.)  400008"
48,3114,"Mahatma Education Society's Pillai's Institute of Management Studies & Research, New Panvel","Dr. K. M. Vasudevan Pillai's Campus 10, Sector 16, Podi No. 2, New Panvel, Maharashtra  Raigad , 410206"
49,3115,"Anjuman-I-Islam's Allana Institute of Management Studies, Mumbai","Anjuman-I-Islam's Secretariat Bldg., Badruddin Tayyabji Marg, Off. 92, D.N. Road, Opp. CST, Mumbai  400001"
50,3116,"Agnel Charities Agnel Seva Sangha's Fr. C. Rodrigues Inst. of Management. Studies, Vashi, Navi Mumbai","Sector 9A, Vashi, Navi Mumbai, Thane"
51,3117,"Gurunanak Institute of Management Studies, Mumbai","Khalsa College Campus, Annex Building,  King's Circle, Matunga, Mumbai  400019"
52,3118,"Zagdu Singh Chartitable Trust's Thakur Institute of Management Studies & Research, Mumbai","Shyam Narayan Thakur Marg, Thakur Village, Kandivali (E), Mumbai 400101"
53,3119,"St. Francis Institute of Management & Research, Mumbai","Mt. Poinsur, S.V.P. Road, Borivali(W), Mumbai 400103"
54,3120,"Atharva Educational Trust, Atharva Institute of Management Studies, Mumbai","S. No. 263, Plot No. 8-12, Malad-Marve Road, Charkop Naka, Malad(W), Mumbai  400095"
55,3121,"Sahajeevan Shikshan Sanstha's Madanbhai Sura Institute of Business Management, Khed Dist. Ratnagiri","At Post Taluka Khed,  District-Ratnagiri "
56,3122,"IBSAR Trust's IBSAR Institute of Management Studies, Karjat, Raigad","Plot no.159 B,Dahivali Tarfe Need, Karjat, Dist: Raigad  410201"
57,3123,"Parle Tilak Vidyalaya Asso.'s Institute of Management, Mumbai","Chitrakar Ketkar Marg, Vile Parle(E), Mumbai   400057"
58,3124,"Saraswati Education Society, Group of Institutions ( Integrated Campus), Diksal Dist. Raigad","Sau.Vandana N.Tasgaonkar Technical Education Complex, Plot No.14, Village Diksal Post Koshane, Kalyan-Karjat Road,"
59,3125,"Audyogik Shikshan Mandal's Institute of Management & Computer Studies, Thane","C-4 Wagle Industial Estate, NearMulund Check Naka Thane(Mumbai)  400604"
60,3127,"NCRD's Sterling Institute of Management Studies, Navi Mumbai","Opp to Darave petrol pump,Plot No 93, Sector 19 Nerul (E), Navi mumbai  400706"
61,3128,"Mandar Education Society's Rajaram Shinde College of Master of Business Adminstration, Chiplun","At Pedhambe Po. Alore ,Tal. Chiplun Dist: Ratnagiri 415603"
62,3129,"Mumbai Institute of Management & Research, Mumbai","Knowledge Centre, Behind- MbPT Hospital Nadkarni Park, Near railway station,Wadala(East), Mumbai - 400 037"
63,3130,"VPM's Dr. V.N. Bedekar Institute Of Management Studies, Mumbai","Jnanadweepa, Chendani, Bunder Road, Thane (W)   400601"
64,3131,"Hashmatrai and Gangaram Himathmal Mansukhani Institute of Management, Ulhasnagar, Thane","Opposite Ulhasnagar Railway Station,  Smt. CHM College Campus, Ulhasnagar 421 003"
65,3132,"Dr. G D Pol Foundation YMT College of Management, Navi Mumbai","Intitutional Area, Sector 4  Kharghar, Navi Mumbai 410 210"
66,3133,"Swayamsiddhi Mitra Sangh's College of Management & Research, Thane","Sonadevi Compaund, Temghar, Near Octroi Naka,  Kalyan Road, Bhivandi, Dist. Thane   421302"
67,3134,"Bombay St. Xavier College Soc.'s Xavier Institute of Management & Research, Mumbai","St. Xavier College Campus, 5, Mahapalika Marg, Mumbai  400001"
68,3135,"Manjara Charitable Trust's Rajiv Gandhi Institute of Technology, Mumbai","Off. Juhu Versova Link Road, Versova, Andheri(W) Mumbai "
69,3136,"Oriental Education Society Oriental Institute of Management, Navi Mumbai","Plot No 149, Sector 12, Vashi Navi Mumbai 400703"
70,3138,"Gahlot Institute of Management Studies and Research, Navi Mumbai","Plot No.59, Sector-14, Koperkhairane, Navi Mumbai 400709 "
71,3139,"Vidyalankar Institute of Technology,Wadala, Mumbai","Vidyalankar Educational Campus,Vidyalankar College Marg, Wadala(E), Mumbai "
72,3140,"Vighnaharata Trust, Shivajirao S. Jodhale Institute of Management Science and Research, Asangaon","Asangaon, Opp. Asangaon Railway Station, Tal.Shahapur, Dist. Thane  421601"
73,3142,"Navjeevan Education Society's Polytechnic, Mumbai","Ganesh Nagar,Ganesh Path Mumbai , 400078"
74,3143,"Zagdu Singh Charitable Trust's Thakur Polytechnic, Mumbai","Thakur Complex, West To W.E.Highway Mumbai "
75,3144,"Mahavir Education Trust's Shah & Anchor Kutchhi Polytechnic, Mumbai","Near Chhatrapati Shivaji Maharaj Chowk, , Waman Tukaram Patil Marg  Mumbai , 400088"
76,3145,"Vivekanand Education Society's Polytechnic, Mumbai","Sindhi Society,Chembur Mumbai , 400071"
77,3146,"Jawahar Education Society's Annasaheb Chudaman Patil College of Engineering,Kharghar, Navi Mumbai","Sector 4,Ploat No-17,Kharghar, Navi Mumbai. Dist. Raigad "
78,3147,"Saraswati Education Society, Yadavrao Tasgaonkar  Institute of Engineering & Technology, Karjat","Near Bhiv puri Road Railway statiion Chandai ,Tal Karjat, Dist Raigad"
79,3148,"Mahavir Education Trust's Shah & Anchor Kutchhi Engineering College, Mumbai","Vaman Tukaram Patil Marg, Chembur, Mumbai"
80,3149,"Shree Shankar Narayan Education Trust's Rohidas Patil Institute of Management Studies, Bhayandar","Mahavidyalaya Marg, Navghar,  Bhayandar (E), Dist Thane  401105"
81,3151,"Vishweshwar Education Society's Indira Institute of Business Management, Navi Mumbai","Plot No. -2, Sector 9,  Sanpada, Navi Mumbai. Raigad , 400705"
82,3153,"Humera Khan Institute Of Mangement Studies & Reserch, Mumbai","Mhada Complex, Pratiksha Nagar,  Oshiwara, Jogeshwari (W), Mumbai  400102"
83,3154,"Saraswati Education Society's Saraswati College of Engineering,Kharghar Navi Mumbai","Plot No 46/46 A, Sector 5 Near MSEB Sub Station Kharghar Navi Mumbai  Dist. Raigad "
84,3155,"SYCSPM'S Sinhgad Institute of Business Management, Chandivali, Powai, Mumbai","Plot No. 126, MHADA Colony, Chandivali, Powai, Mumbai.  400072"
85,3157,"Shree Ghatkopar Sarvajanik Jivdaya Khatur's Aruna Manharlal Shah Institute of Management & Research, Ghatkopar","R. B. Kadam Marg(Jivdaya Lane), Near MTNL Exchange, Agra Road, Ghatkopar (w) Mumbai  400086"
86,3158,"Saket Gyanpeeth's, Saket College of management, Kalyan","S.No.27, H.No.10, Katemanivlli, Kalyan (East),Dist:Thane  421304"
87,3159,"JNIESTR's,Rajeev Gandhi College of Management Studies, Navi Mumbai","Plot No. 1,Sector-8, Ghansoli, Navi Mumbai. "
88,3160,"Mahatma Edu.Soc.'s Pillai's HOC Institute of Management Studies & Research, Khalapur Dist. Raigadh","Pillai's HOCL Educational Campus,Rasayani,Khalapur, Via Panvel, Dist Raigad.  410207"
89,3161,Viva Institute of Management and Research (Viva School of Management and Research),Viva Institute of Management and Research (Viva School of Management and Research)
90,3162,"Bharti Vidyapeeth's Institute of Management & Information Technology, Navi Mumbai","Sector 8. CBD, Belapur, Navi Mumbai  400614"
91,3163,"Shri Angarsiddha Shikshan Prasarak Mandal's Diploma In Pharmacy Institute,Sangulwadi,Tal-Vaibhavwadi","Np 1290, At Post Sangulwadi, Vaibhavwadi, Sindhudurg 416810"
92,3165,"Viva School Of MCA, Virar (E)","Viva School Of MCA, Virar (E)"
93,3167,"Mumbai Education Trust's Institute of Computer Science, Bandra (W), Mumbai","Gen. Arunkumar Vaidya Chowk, 2nd Floor, MET complex, Bandra Reclamation, Bandra(W), Mumba 400050"
94,3168,"Thakur Institute of Management Studies Career Development Research, Kandivali (E), Mumbai","Shyamanarayan Thakur Marg, Thakur Village, Kandivali (E), Mumbai , 400101"
95,3169,"Late Bhausaheb Hiray S. S. Trust's Institute of Computer Application, Bandra (E), Mumbai","S.No 341, Next to New English School,Opp. Kherwadi police station Govt. Colony, Bandra(E), Mumbai  400051"
96,3173,"Deccan Education Society's Navinchandra Mehta Institute of Technology & Development, Dadar, Mumbai","DES's Mumbai Campus, Kirti College Road, Dadar (W), Mumbai.  400028"
97,3174,"Ramrao Adik Edu Soc, Ramarao Adik Institute of Tech., Navi Mumbai"," Dr. D.Y. Patil Vidyanagar, Sector-7, Phase-I, Nerul, Navi Mumbai"
98,3175,"M.G.M.'s College of Engineering and Technology, Kamothe, Navi Mumbai","At Junction of NH4 & Sion-Panvel Expressway,  Kamothe, Navi Mumbai "
99,3176,"Thakur College of Engineering and Technology, Kandivali, Mumbai","Thakur Shyamnarayan Marg,Thakur Village,Kandivali(E), Mumbai"
100,3181,"K.J.Somaiya College of Engineering, Vidyavihar, Mumbai","Vidya_Nagar, Vidya Vihar, Mumbai "
101,3182,"Thadomal Shahani Engineering College, Bandra, Mumbai","37th Road, Off Linking Road, (Near National), Bandra (West), Mumbai "
102,3183,"Anjuman-I-Islam's M.H. Saboo Siddik College of Engineering, Byculla, Mumbai","8, M.H.Saboo Siddik Polytechnic Road, P.O.Box: 4627, Byculla ,Mumbai"
103,3184,"Fr. Conceicao Rodrigues College of Engineering, Bandra,Mumbai","Father Agnel Ashram , Band-stand, Bandra (West), Mumbai"
104,3185,"Vivekanand Education Society's Institute of Technology, Chembur, Mumbai","Hashu Advani Memorial Complex, Behind Collector Colony, R.C. Marg, Chembur, Mumbai"
105,3186,"Indrayani Shikshan Prasarak Mandal Shri Pushpasen Sawant College of Diploma Pharmacy,Kudal","At Post Digas, Tal. Kudal Dist. Sindhudurg Sindhudurg , 400088"
106,3187,"N.Y.S.S.'s Datta Meghe College of Engineering, Airoli, Navi Mumbai","P.B. No. 15, CIDCO Colony, Plot No. 98, Sector 3,  Airoli, Navi Mumbai "
107,3188,"Padmabhushan Vasantdada Patil Pratishthans College of Engineering, Sion,Mumbai","Padmabhushan Vasantdada Patil Education Complex, Eastern Express Highway, Near Everard Nagar,  Sion-Chunabhatti Mumbai "
108,3189,"Bharati Vidyapeeth College of Engineering,  Navi Mumbai","Sector - 7,CBD- Belpur, Navi Mumbai 400614 "
109,3190,"Terna Engineering College, Nerul, Navi Mumbai","Plot No. 12, Sector-22,Opp. Nerul Railway Station,Phase-II, Nerul (W),Navi Mumbai "
110,3191,"Mandar Education Society's Rajaram Shinde College of Engineering, Pedhambe","At Pedhambe, Po. Alore, Tal : Chiplun, Dist. Ratnagiri"
111,3192,"Smt. Indira Gandhi College of Engineering, Navi Mumbai","Plot No.1, Sector No. 08, Ghansoli , Navi Mumbai 400 701"
112,3193,"Shivajirao S. Jondhale College of Engineering, Dombivali,Mumbai","Sheel Kalyan Highway, Behind Venkatesh Petrolpump, Sonarpada, Manpada Post, Dombivali (E) Thane "
113,3194,"Vidyavardhini's College of Engineering and Technology, Vasai","Vasai Road (W Rly), Tal: Vasai, District Palghar "
114,3196,"Lokmanya Tilak College of Engineering, Kopar Khairane, Navi Mumbai","Sector - 4, Plot N0 17 & 18, Vikas Nagar, Koparkhairane, Navi Mumbai"
115,3197,"Agnel Charities' FR. C. Rodrigues Institute of Technology, Vashi, Navi Mumbai","Sector 9-A,  Vashi, Navi Mumbai,"
116,3198,"Konkan Gyanpeeth College of Engineering, Karjat","Vengaon Road, Dahivali, Karjat"
117,3199,"Shri Vile Parle Kelvani Mandal's Dwarkadas J. Sanghvi College of Engineering, Vile Parle,Mumbai","Plot No. U-15, J.V.P.D. Scheme, Bhaktivedanta Swami Marg, Vile Parle (West), Mumbai"
118,3200,"Hope Foundation and research center's  Finolex Academy of Management and Technology, Ratnagiri","P- 60, P-60/1, MIDC, Mirjole Block, Ratnagiri"
119,3201,"Rizvi Education Society's Rizvi College of Engineering, Bandra,Mumbai","Rizvi Educational Complex, Off Carter Road, Sherly Rajan Village, Bandra (W), Mumbai "
120,3202,Rajendra Mane College of Engineering & Technology  Ambav Deorukh,"At - Ambav (Devrukh).Tal Sangameshwar,Dist.- Ratnagiri"
121,3203,"Atharva College of Engineering,Malad(West),Mumbai","S. No. 263, Plot No. 8-12, Malad-Marve Rd, Charkop Naka, Malad(W), Mumbai"
122,3204,"St. Francis Institute of Technology,Borivali, Mumbai","Mount Poinsur, S.V.P. Road, Borivali ( W ), Mumbai "
123,3205,"Bharati Vidyapeeth College of Pharmacy, Belapur, Navi Mumbai","Sector 8, C.B.D, Belapur, Dist Thane "
124,3206,"S.S.P.M.'s College of Engineering, Kankavli"," A/P-Harkul Budruk, Tal- Kankavali. Dist-Sindhudurg"
125,3207,"Mahatma Education Society's Pillai College of Engineering, New Panvel","Dr. K.M.Vasudevan Pillais' Campus Plot No. 10, Sector 16, New Panvel, Dist.Raigad"
126,3208,"Don Bosco Institute of Technology, Mumbai","Premier Automobiles Road,Opp. Fiat Company, Kurla (West), Mumbai "
127,3209,"K J Somaiya Institute of Engineering and Information Technology, Sion, Mumbai","Somaiya Auryvihar Complex,  Near Everard Nagar Eastern Express Highway, Sion (East), Mumbai"
128,3210,"Excelsior Education Society's K.C. College of Engineering and Management Studies and Research, Kopri, Thane (E)","Mith bunder Road, Near Sadguru Gardens, Kopri, Thane (E)"
129,3211,"S.I.E.S. Graduate School of Technology, Nerul, Navi Mumbai","Sri. Chandrsekarendra Saraswathy Vidyapuram, Sector-5, Plot 1C&1E, Nerul Dist. Raigad "
130,3212,"WATUMULL INSTITUTE OF ELECTRONICS ENGINEERING & COMPUTER TECHNOLOGY, ULHASNAGAR","Plot No.157,C.H.M.Campus,Opp.Ullhasnagar Rilway Station,Ulhasnagar-421003(W)"
131,3214,"Xavier Institute Of Engineering C/O  Xavier Technical Institute,Mahim,Mumbai","Opposite S.L.Raheja Hospital, Mahim Causeway, Mahim(W),   Mumbai"
132,3215,"Bhartiya Vidya Bhavan's Sardar Patel Institute  of Technology , Andheri, Mumbai","Bhavan's Campus, Versova Road, Munshi Nagar, Andheri (West), Mumbai"
133,3216,"Gharda Foundation's Gharda Institute of Technology,Khed, Ratnagiri","A & Po. Lavel Tal Khed,  Dist. Ratnagiri"
134,3217,"Vighnaharata Trust's  Shivajirao S. Jondhale College of Engineering & Technology, Shahapur, Asangaon, Dist Thane","At Asangaon, Tal Shahapur, Opp Railway station, Dist : Thane"
135,3218,"Aldel Education Trust's St. John College of Engineering & Management, Vevoor, Palghar","St. John Technical Education Complex, Village Vevoor,Manor Road  Palghar (E)"
136,3219,"Koti Vidya Charitable Trust's  Smt. Alamuri Ratnamala Institute of Engineering and Technology,  Sapgaon, Tal. Shahapur","Sapgaon, Taluka Shahapur  Dist. Thane"
137,3220,"Saraswati Education Society, Yadavrao Tasgaonkar College of Engineering and Management, Nasarapur, Chandai, Karjat","Chandhai, Neral - Kadav Raod, Post Nasrapur, Taluka Karjat, Dist. Raigad"
138,3221,"Late Shri. Vishnu Waman Thakur Charitable Trust, Viva Institute of Technology, Shirgaon","Shirgaon, At. Post Virar, Tal. Vasai. Thane "
139,3222,"Haji Jamaluddin Thim Trust's Theem College of Engineering, At. Villege Betegaon, Boisar","At Village Betegaon,Boisar Chillhar Road , Near Union Park,  Boisar(E), Tal: Palghar,"
140,3223,"Mahatma Education Society's Pillai HOC College of Engineering & Technology, Tal. Khalapur. Dist. Raigad"," Pillai HOCL Educational
Campus, Rasayani, Tal. Khalapur. Dist. Raisad-"
141,3224,"Leela Education Society, G.V. Acharya Institute of Engineering and Technology, Shelu, Karjat","Shelu/Damat Village, (Opp. Shelu Rly Station), Tal. Karjat. Dist. Raigad"
142,3225,"Saraswathi Vidya Bhavan's College of Pharmacy, Dombivli","Shankaranagar, Shilpada Road, Dombivali (E), Dist : Thane "
143,3226,"Mumbai Educational  Trust's Institute of Pharmacy, Mumbai","General Arunkumar Vaidya Chowk, Bandra Reclamation, Bandra (W) Mumbai "
144,3228,"SVKM's Dr. Bhanuben Nanavati College of Pharmacy, Mumbai","Gate No.1, Mithibai College Campus, 1st Floor, V.M. Road, Vile parle (West), Mumbai"
145,3229,"Dr. L. H. Hiranandani College of Pharmacy ,Ulhasnagar","C.H.M. College Campus, Opp. Ulhasnagar Railway Station Ulhasnagar Dist : Thane "
146,3230,"NCRD's Sterling Institute of Pharmacy, Navi Mumbai","Plot 93 sector 19 Nerul(E), Navi Mumbai "
147,3231,"Oriental College of Pharmacy , Navi Mumbai","Plot No. 2,3 & 4 , Sector 2, Sanpada, Navi Mumbai  Dist. Raigad"
148,3232,"Yadavrao Tasgaonkar Institute of Pharmacy,Chandhai, Bhiv-puri Road Station, Tal-Karjat","Dr.N.Y.Tasgaonkar Education Complex, Village Chandhai,Near Bhivpuri Road Rly station,Tal-Karjat,(on Mumbai-Pune Rly Rout) Dist. Raigad"
149,3233,"Govindrao Nikam College Of Pharmacy, Sawarde",Sawarde (Wahalphata) Tal. Chiplun Dist. Ratnagiri 
150,3234,"Maharashtra Education Society's H.K. College of Pharmacy, Jogeshwari, Mumbai","Prateeksha Nagar, New MHADA Colony, transit camp, Jogeshwari, Mumbai "
151,3235,"Gahlot Institute of Pharmacy, Koparkhairane, Navi Mumbai","Plot No 59 , Sector  14,  Koparkhairane,Navi Mumbai "
152,3236,"Konkan Gyanpeeth Rahul Dharkar College of Pharmacy & Research Institute, Karjat, Dahivali, Karjat  Dist. Raigad","Vengaon Road, Dahivali, Karjat, Dist. Raigad "
153,3237,"Vivekanand Education Society's College of Pharmacy, Chembur, Mumbai","Hashu Advani Memo Complex, Behind Collector Colony, Wadhawali Village, Chembur Mumbai "
154,3238,"Adarsh Shikshan Prasarak Mandal's Ideal College of Pharmacy & Research, Ambernath","Bhalgaon At/Post - Dwarli, Haji Malang Road, Kalyan Rly. Station  Dist- Thane "
155,3239,"Prabhodhan Shikshan Prasarak Sanshta's Indira Institute of Pharmacy, Sadavali","A/P Sadavali (Devrukh) Taluka: Sangmeshwar, Dist. Ratnagiri"
156,3240,"Aldel Education Trust's St. John Institute of Pharmacy and Research, Vevoor, Palghar","St. John Technical Education Complex, Village Vevoor,Manor Road, Palghar (E), "
157,3241,"Vighnarta Trust, Shivajirao Jondhale College of Pharmacy, Shahapur","Shahpur, Opp. Asangaon Rly Station,  Shahpur, Dist. Thane "
158,3242,"Shri Rishikesh Shikshan Prasarak Mandal, D.D.Vispute College of Pharmacy & Research Center, (Devad),New Panvel","Gat No. 104, AT Post Devad,Vichumbe, Near New Panvel, Tal-Panvel, Dist-Raigad"
159,3243,"Padmshree Dr. D. Y. Patil College of Architecture, Navi Mumbai","Padmshree Dr. D. Y. Patil College of Architecture,  Padmashree Dr. D. Y. Patil Vidyapeeth Campus, Sector - 7,Nerul, Navi Mumbai.Dist. Raigad"
160,3244,"Bharati Vidyapeeth's College of Architecture, Belapur, Navi Mumbai","Sector-8,C.B.D.,Belapur, Opp.Konkan Bhavan. Navi Mumbai  Dist. Raigad "
161,3245,"Mahatma Education Society's Pillais College of Architecture, New Panvel","Pillais College of Architecture Dr. K.M.Vasudevan Pillai's Campus, 10, Sector 16, New Panvel, Navi Mumbai Dist. Raigad"
162,3246,"Rizvi College of Architecture,Bandra(W), Mumbai","Rizvi Educational  Complex, Off Carter Road, Bandra (W), Mumbai"
163,3247,"Kamla Raheja Vidhyanidhi  Institute for Architecture and Environmental Studies, Mumbai","Vidyanidhi Marg, J.V.P.D. Scheme, 10th Road, Mumbai "
164,3248,"Late Baliram Hiray S.S. Trust's Dr.Baliram Hiray College of Architecture, Mumbai","Sr No. 351,Opp Kherwadi Police Station,  Next to New English School, Govt. Colony, Bandra (E), Mumbai"
165,3249,"Indian Education Society's College of Architecture, Mumbai","VML Vidyasankul Opp. Leelavati Hospital, 791, Bandra Reclamation, Bandra (W), Mumbai "
166,3250,The Sultan Khan Educational Trust's Asmita College of Architecture,"At NH English Academy Campus, Asmita Enclave, Mira Road(E) Dist. Thane"
167,3251,"L.S. Raheja School of Architecture, Bandra(E), Mumbai","Raheja Educational Complex, Kher Nagar, Opp.Colgate  Pamolive Ground, Bandra(E), Mumbai."
168,3252,"Samayak Sankalp College of Architecture, Aadivali, Ambernath","At post Aadivali, Taluka Ambernath, Dist. Thane"
169,3255,"Mandar Education Society's Rajaram Shinde  Institute of Engineering and Technology, Pedhambe","Mandar Education Society's, Rajaram Shinde Instt of Engg  Ratnagiri , 415603"
170,3256,"Bharati Vidyapeeth's Institute of Technology, Navi Mumbai","Belpada, C. B. D. SECTOR - 7, OPP. Kharghar Railway Station, Navi Mumbai."
171,3257,"Vidya Prasarak Mandal's Polytechnic, Thane","Chendani, Bunder Road, Jnanadweepa , College Campus Thane , 400601"
172,3258,"Agnel Polytechnic (Fr. Agnel Charities) , Vashi, Navi Mumbai","Sector 9A, Vashi, Navi Mumbai"
173,3260,"Khalapur Taluka Shikshan Prasarak Mandal's,  B.L. Patil Polytechnic, Khopoli, Dist.Raigad","Near Old Police Station, Khopoli,Raigad  410203"
174,3262,"Vidyavardhini's Bhausaheb Vartak Polytechnic, Vasai,Thane","Vidyavardhini's  Campus , Vasai Road (W.Rly) Thane , 401202"
175,3263,"Smarth Samaj's S. H. Jondhale Polytechnic, Dombivli","S. S. Jondhale Educational Complex,Shastri Nagar,Dombivli(W) Thane , 421202"
176,3264,Sahyadri Shikshan Sanstha's Sahyadri Poly.Sawarde(Ratnagiri)," Technical Campus ,  Sawarde (Vahal Phata), Tal:Chiplun, Ratnagiri , 415606"
177,3267,"Sai Shiva Education Trust's, Muchhala Polytechnic,Thane","Sai Baba Vihar Complex, Anandnagar Thane , 400601"
178,3268,"Samarth. Samaj's. Shivajirao S. Jondhale Polytechnic, Ambernath(E), Mumbai","Navare Nagar, B Cabin Road, Ambernath(E),Thane , 421501"
179,3270,"Maratha Mandir's Babasaheb Gawade Institute of Technology, Mumbai","Maratha Mandir annex,Babasaheb Gawade Chowk,  Mumbai , 400008"
180,3272,"Ramrao Adik Education Society's Dr. D.Y.Patil Polytechnic, Nerul","Dr. D.Y.Patil Vidyanagar, Sector-7, Phase-1, Nerul,New Mumbai 400706"
181,3274,"Vidyalankar Polytechnic, Mumbai","Vidyalankar Educational Campus,Antop Hill, Wadala, Vidyalankar Marg, Mumbai , 400037"
182,3275,"Kala Vidyamandir Institute of Technology (Polytechnic), Malad(W), Mumbai","MHADA World Bank project, Plot  No. M3, RSC,Gaekwad Nagar, Malad(W),Mumbai , 400095"
183,3277,"Shree Shankar Narayan Education Trust,Pravin Patil College of Diploma Engg. & Technology, Bhayinder (E) Western Rly","Navghar,Bhayander(E), Thane , 401105"
184,3278,"Anjuman-I-Islam's Abdul Razzak Kalsekar Polytechnic,Panvel, Navi Mumbai","Plot No. 3,  Sector-16, Near Garden Hotel ,Khanda Gaon Raigad , 410206"
185,3279,"Institute of Printing Technoloy and Research, Panvel","Plot No. 3, Sector - 11, Balbharati Marg, Khanda Colony, New Panvel, 410206"
186,3280,"Shivajirao S. Jondhle Polytechnic, Asangaon, Shahapur.Thane","Opp. Railway Station,Asangaon, Shahapur. Thane , 421601"
187,3281,"Saraswati Education Society,Saraswati Institute of Technology, Kharghar, Navi Mumbai","Plot No.-46/46A, Behind M.S.E.B.Sub Station, Near Utsav Chowk, Sector-5, Kharghar Navi Mumbai Raigad , 410210"
188,3282,"Saraswati Education Society, Yadavrao Tasgaonkar Polytechnic, Chandha, Nasarapur, Bhivpuri Road Railway","Chandha, Nasarapur, Bhivpuri Road,Near Railway Station, Taluka Karjat Raigad , 410201"
189,3283,"Mahatma Education Society's, Pillai HOC Polytechnic, Rasayani","at Pillai HOCL Educational Campus, Rasayani, Tal.Khalaur, Raigad."
190,3284,"Prabhakar Patil Education Society's, Polytechnic,Raigad","SR.No. 54a,At.Bilavale (Thakur Wadi)Post. Vavadal,Tal: Khalapur Tal.Khalapur, Dist.Raigad  410202"
191,3285,"Dnyan Prasarak Shikshan Sanstha's, Balasaheb Mhatre Polytechnic,Ambarnath","S.No. 158-1a,160-3/1a,At Kanhor,Tal Ambarnath, Dist Thane "
192,3286,"Leela Education Society, G. V. Acharya Polytechnic,Shelu,  Karjat","Opp.Shelu Rly.Stn. Shelu(W) Tal.Karjat, Dist. Raigad  410201"
193,3288,"Bhartiya Education/Social Charitable Trust, Sheth Shri Otarmal Sheshmal Parmar College Of Diploma, Raigad","S.No.Of Land 349/350, Velshet-Nagothane,Post:Paigonda Tal:Roha, Dist:Raigad  401106"
194,3290,Sahyadri Shikshan Sanstha's College of Pharmacy Sawarde,"Savarde, Technical Campus (Wahal Phata)  Ratnagiri , 415606"
195,3291,"Mandar Education Society's College of Pharmacy(Diploma), Pedhambe",At.Alore Post Pedhambe 
196,3292,"Navyug Vidyapeeth Trust's Institute of Pharmacy,Mahad, Raigad","Ladawali, Mahad, Dist:Raigad-402301"
197,3293,"Mumbai Education Trust's Institute Of Pharmacy, Mumbai","Gen.Arunkumar Vaidya Chowk, Near Lilavati Hospital,Bandra Reclamation,Bandra West Mumbai , 400050"
198,3294,"National Centre For Rural Development's  Institute Of Pharmacy , Nerul, Navi Mumbai","Plot No. 93, Opposite Seawoods Rly Stn, Sector 19 Nerul(East),Navi Mumbai 400706"
199,3296,"Saraswati Education Society's Yadavrao Tasgaonkar Institute Of Pharmacy(Diploma), Bhivpuri, Karjat","Chandhai, Near Bhivpuri Railway Station, Taluka- Karjat, Dist- Raigad 400028"
200,3297,"Adarsh Shikshan Mandal's Ideal College Of Pharmacy, Kalyan","Adarsh Vidya Nagari, 21/11, Bhal Gaon, P.O. Dwarli, Haji Malang Road, Via Kalyan Ryl Stn. Thane , 421301"
201,3298,"Bhartiya Education Soc.'s Institute of Pharmacy, Velshet, Tal. Roha, Dist. Raigad","At. Velshet, Nagothen, Tal. Roha, Dist. Raigad. 402106"
202,3306,"Kiran Patel Educatin Trust's Sardar Vallabhbhai Patel Polytechnic,Mumbai","I.C. Colony , Link Road Mumbai , 400101"
203,3307,Nagrik Shikshan Sanstha's College of Pharmacy,"NSS Educational Complex, 'A' wing,3rd floor,94,Tardeo,Mumbai  400034"
204,3350,"Durgadevi Saraf Institute of Management Studies, Malad (W), Mumbai","23-A, 24-28, S.V.Road, Malad (W), Mumbai 400064"
205,3351,"Bharat College of Engineering, Kanhor, Badlapur(W)","Kanhor, Badlapur(w).,Tal- Ambernath. Dist. Thane "
206,3353,"Dilkap Research Institute Of Engineering and Management Studies, At.Mamdapur, Post- Neral, Tal- Karjat,  Mumbai","Village At.Mamdapur, Post- Neral, Tal- Karjat,  Dist.Raigadh"
207,3354,"Kohinoor Business School,  Kurla (West), Mumbai","Kohinoor City, Kirol Road, Kurla West Off LBS Road Mumbai  400070"
208,3356,"Prabhakar Patil Education Society's Institute of Management Studies,Alibag, Raigad","Plot no.4&6, Survey No. 81/6 at & Post Veshvi Gondhalpada,Alibag. Raigad , 402103"
209,3357,"S A V Acharya Institute of Management Studies, Shelu, Tal. Karjat","Shelu/Damat Village, Taluka Karjat, Dist Thane Raigad , 410101"
210,3358,"SAS Institute of Management Studies, Boisar Dist. Thane","next to saidham complex, Saravali Boisar, Dist. Thane 401501"
211,3359,"SASMIRA's Institute of Management Studies & Research, Worli, Mumbai","Sasmira Marg, Worli Mumbai - 400 030 Mumbai Mumbai , 400030"
212,3360,"GNVS Institute of Management, Sion-Koliwada(E), Mumbai","Guru Tegh Bahadur Nagar,Sion Koliwada (East) GTB Nagar Rly Stn(E), Mumbai"
213,3419,"Sir M Visvesvaraya Institute of Management Studies & Research, Wadala, Mumbai","7A, Wadala(W), Wadala, Mumbai. 400031"
214,3420,"Rajendra Mane Polytechnic, Devrukh, Tal. Sangmeshwar, Dist. Ratnagiri","Survey No. 50/19 & 48/10, Ambav, Devrukh, Tal. Sangmeshwar,Dist-Ratnagiri-415804"
215,3421,"VIVA College of Diploma Engg &Tech., At. Bolinj, Virar (W) Dist. Thane"," At. Bolinj, Virar (W) Thane , 401303"
216,3422,"New Jai Bharat Shikshan Prasarak Mandal’s Shantiniketan Polytechnic, New Panvel","Plot No. 27, Sector 2, New Panvel. Raigad "
217,3423,"Shree L.R. Tiwari College of Engineering, Mira Road, Mumbai","Survey no. 267, Near Commisioner's Bungalow,Kanakiya Park,Mira Road (E)Thane"
218,3427,"Mahatma Education Society's Pillai's HOC College of Architecture, Rasayani","Pillai's HOCL Educational Campus, Rasayani,Tal- Khalapur, Via Panvel, Dist. Raigad"
219,3428,"Bharati Vidyapeeth Institute of Pharmacy, Belapur Navi Mumbai","Sector 8, C.B.D. Belapur, Navi Mumbai. 400614"
220,3436,"B.R. Harne College of Engineering & Technology, Karav, Tal-Ambernath.","At.Karav, Post Vangani(w), Tal. Ambernath, Dist. Thane "
221,3437,"Sahyadri Institute of Management & Research, Sawarde.","Sawarde, N.H. 17, Chiplun, Dist. Ratnagiri. 415606"
222,3438,"Aditya Institute of Management Studies & Research, Borivali","F.P. No. 661+663+667/B, TPSIII, Ram Nagar, Borivali(W), Mumbai"
223,3439,"Anjuman-I-Islam's Kalsekar Technical Campus, Panvel","Plot No.2, 3 Sector - 16, Khandgaon, Thane Naka, Panvel Dist. Raigad "
224,3440,"Metropolitan Institute of Technology & Management, Sukhalwad, Sindhudurg.","At Village Sukhalwad, Near Sindhudurg Railway Station, Post Oras, Tal. Malvan Dist. Sindhudurg"
225,3442,"Rustomjee Business School, Dahisar.","Rustom Irani Marg, Dahisar(W), Mumbai   400068"
226,3443,"Sheila Raheja School of Business Management & Research, Bandra(E), Mumbai.","Raheja Educational Complex, Khernagar, Opp. Colgate Ground, Bandra(E), Mumbai. 400051"
227,3445,"Vishvatmak Jangli Maharaj Ashram Trust's Vishvatmak Om Gurudev College of Engineering, Mohili-Aghai, Shahpur.","At - Mohili, Post. Aghar, Taluka Shahapur, Dist. Thane"
228,3446,"Kala Vidyalaya Trust, Kala Institute of Management Studies & Research, Kandivali","Plot No 2,RSC 6, S.No.41(PART),Sector 8.CTS. No.3,Village Charkop Kandivali(west), Mumbai.  400067"
229,3447,"G.M.Vedak Institute of Technology, Tala, Raigad.","At Post Taluka. Tala, Dist. Raigad "
230,3448,"Gokhale Education Society, Katgara Polytechnic Institute, Bordi.","At Post Bordi, Taluka Dhahanu, Dist. Thane  401701"
231,3449,"S.K.Education Trust, Dr. Manoj A Shete College of Engineering & Technology, Kasara.","At Post Kasara, Tal. Shahapur, Dist. Thane "
232,3450,"St.Wilfreds Institute of Architecture, Panvel","Survey No 92A/A Opposite Ayush Resort ,Near Shedung Tollnaka,Old Bombay Pune Highway,Panvel Dist. Raigad "
233,3451,"Lokmanya Tilak Institute of Architecture and Design Studies, Kopar Khairane, Navi Mumbai.","Sector-4, Vikas Nagar, Kopar Khairane, Navi Mumbai. "
234,3452,"Matoshri. Ushatai Jadhav Institute of Management studies & Research Centre, Bhivandi","Dhamankar Naka, Vidyashram, Bhivandi Thane , 421305"
235,3457,"Chetana'S Institute Of Management and Research, Bandra(E), Mumbai","Survey No. 341, Govt. Colony, Bandra (E), Mumbai, - 400051"
236,3458,"Smt. Geeta D. Tatkare Polytechnic At Gove, Kolad","At Gove, Post Kolad, Taluka Roha, Dist. Raigad."
237,3459,"Bunts Sangha's Uma Krishna Shetty Institute of Management Studies & Research, Kurla","Buntara Bhavan, Bhandaray Estate, Buntara Bhavan Marg, Kurla, Mumbai "
238,3460,"Universal College of Engineering,Kaman Dist. Palghar","Kaman Bhiwandi Road, S.N. 146(Part), Kaman, Vasai"
239,3462,"VPM's Maharshi Parshuram College of Engineering, Velneshwar, Ratnagiri.","At Post Velneshwar, Hedvai-Guhagar Road, Guhagar,Ratnagiri."
240,3463,"Urja Education Society's Aditya Polytechnic, Ratnagiri","Gat No. 493, At And Post Talawade, College Road, Near Adavali Railway Station, Taluka Lanja, Dist. Ratnagiri"
241,3464,"Viva Institute of Pharmacy, Virar(E)","Shirgaon, Virar(E), Dist. Palghar"
242,3465,"Ideal Institute of Technology, Wada, Dist.Thane","40, Pasheri Village, Pimplaj road, Taluka Wada, Dist.Thane. "
243,3466,"Devi Mahalaxmi Polytechnic, Titwala, Kalyan","At Mhaskal, Near Ganesh Temple, Titwala, Kalyan. "
244,3467,"Vishwaniketan's Institute of Management Entrepreneurship and Engineering Technology(i MEET), Khalapur Dist Raigad","Survey No. 52 Kumbhivali, On Mumbai-Pune Expressway, Near Khalapur Toll Naka ,Tal-Khalapur, Dist- Raigad"
245,3468,"Aditya College of Architecture, Borivali (W), Mumbai","Adiya Educational Campus, R.M. Bhattad marg, Ram Nagar, Boravali (W), Mumbai"
246,3469,"Dalvi Education and charitable trust Maharashtra Polytechnic, Soveli, Tal. Mandangad","At Shenale, Post Soveli, Tal. Mandangad, Dist Ratnagiri"
247,3470,"Yashwantrao Bhonsale Polytechnic, Charathe,  Sawantwadi","At Post Charathe ( Vazarwadi), Tal.Sawantwadi, Sindhudurg."
248,3471,"New Horizon Institute of Technology & Management, Thane","Anand Nagar, Kavesar, Off. Ghodbunder Road, Thane(W)"
249,3472,"Thakur School of Architecture, Kandivali","Thakur Education Campus, Shamnarayan thakur marg, Thakur Village, Kandivali(E), Mumbai."
250,3474,"Ideal Institute of Architecture, Posheri, Wada","Gat No. 40-1 and 2, Pimpal Road, Poseri, Tal. Wada, Dist.Thane"
251,3475,"A. P. Shah Institute of Technology, Thane","Survey No. 12, Opp. Hypercity Mall, Kasarvadavali, Ghodbunder Road, Thane (W)"
252,3477,"Chhartrapati Shivaji Maharaj Institute of Technology, Shedung, Panvel","92A/1, Old Mumbai Pune Highway, Near Shedung Toll naka Village Shedung, Panvel, Dist Raigad"
253,3478,"CTES College of Architecture, Chembur, Mumbai.","N.G. Acharya Marg, Chembur, Mumbai."
254,3479,"Shivgiita Institute of Diploma in Pharmacy, Asangaon.","Opp. Asangaon Railway Station, Asangaon, Dist.Thane"
255,3480,"Yashwantrao Bhonsale College of Pharmacy, A/P Charathe, Sawantwadi","Buidling No.2, A/P Charathe, Vazarwadi, Tal.Sawantwadi, Dist.Sindhudurg"
256,3481,"The Navkonkan Education Society's Institute of Management Studies, Chiplun","S.K.Patil Nagar, Mumbai Goa High way, Chiplun, Dist.Ratnagiri"
257,3482,"B.R. Harne College of Architecture, Karav, Vangani(W)","AT Village Karav, Vangani(West), Dist Thane "
258,3483,"Vishwaniketan College of Architecture, Art & Design, Khalapur","Survey No. 52, Kumbhivali Near Khalapur Toll Naka, off Mumbai-Pune, Expressway, Khalapur, Raigad"
259,3484,"Smt. K.L. Tiwari College of Architecture, Nalasopara, Palghar","Survey No. 185, 177, Near Mother Merry English School, Shri Prastha, Nalasopara, Dist Palghar"
260,3485,"St. Wilfred's Institute of Pharmacy, Panvel","old Mumbai-Pune Highway Near Shedoung Toll plaza, Raigad"
261,3486,"Shree Saraswati Institute of Pharmacy, At Post Tondavali, Kankavali","At Post Tondavali, Nandgaon-Ponda road, Taluka Kankavali, Dist.Sindhudurg"
262,3487,"Ideal Institute of Pharmacy, Wada","Ideal Foundation, Wada, Taluka Wada, District Palghar"
263,3488,"School of Environment and Architecture, Borivali","Eksar Road, Borivali(west), Mumbai."
264,3489,"Yashwantrao Bhonsale College of D. Pharmacy, Charathe Vazarwadi","Building NO.4, A/P Charathe Vazarwadi, Taluka Sawantwadi, Dist Sindhudurg"
265,3490,"VP College of Pharmacy, Madkhol, Sawantwadi","Gut No.286, At Post Madkhol, Taluka Sawantwadi, Dist Sindhudurg"
266,3492,"SBNM College of Pharmacy(D.Pharmacy), Mahad","Gut No.311 & 313, Achloli, Mahad, Raigad"
267,3493,"Shri Angarsiddha Shikshan Prasarak Mandal's ASPM College of Pharmacy, Sangulwadi","At Post Sangulwadi, Tal Vaibhavwadi, Dist. Sindhudurg"
268,3494,"Smt. Jayshree Sharadchandra Kothari Business School, Dadar, Mumbai","DES Mumbai Campus, Kirti College Road, Veer Savarkar Marg, Mumbai"
269,3495,"Vasantdada Patil Pratishthan's Manohar Phalke College of Architecture, Sion-Chunabhatti, Mumbai","Vasantdada Patil Educational Complex, Eastern Express Highway, Sion-Chunabhatti, Mumbai."
270,3496,"Vivekanand Education Society's  College of Architecture, Chembur, Mumbai","Hashu Advani Memorial Complex, Behind Collector Colony, R.C. Marg, Chembur, Mumbai"
271,3497,"S.K. Education Trust's Dr. Manoj A. Shete College of Architecture,  Kasara","At post Kasara, Taluka  Shahapur, Dist.Thane"
272,3498,"Sasmiras Business School, Worli, Mumbai","Sasmira Marg Worli Mumbai - 400030 , Mumbai, Mumbai City , Maharashtra 400030"
273,3499,"M.S. College Of Pharmacy, Devghar","Sy. No. 120, Devghar,  Taluka : Wada Dist: Palghar, Thane"
274,3500,"Vijayrao Naik College Of  Pharmacy, Shirval","A/P Shirval, Tal-Kankavli, Dist. Sindhudurg"
275,3501,"Siddhis Institute Of Pharmacy, Nandgaon",At.Post Nandgaon Tal. Murbad Dist  Thane
276,3503,"Indala College Of Engineering, Bapsai Tal.Kalyan","Near Hp Gagangiri Petrol Pump, Kalyan-Murbad Road, Bapsai, Taluka Kalyan, Dist Thane "
277,3504,"Raigad College Of Pharmacy, Mohopre","Mohopre, Tal. Mahad, Dist. Raigad"
278,3505,"Abhinav Institute Of Pharmacy, Chinchpada","4/3 B Chinchpada,, Taluka Ambernath, District Thane"
279,3506,"Shri. Pandit Baburao Chaughule College Of Pharmacy, Rahanal","At/Po. Rahanal, Anjur Phata, Jakat Naka, Bhiwandi"
280,3507,"Indala School of Architechture, Bapsai Tal.Kalyan","Near Hp Gagangiri Petrol Pump, Kalyan-Murbad Road, Bapsai, Kalyan  421301"
281,3508,"B.K. Patil Institute of Pharmacy, Taloja, Panvel","Shiv Mandir, Taloja, Taluka Panvel Dist.Raigad"
