,Index,Institute code,College Name,Address,Email,District,Principal Name,Office Number,Personal Number,Registrar Name
0,1,3001,"Jamnalal Bajaj Institute of Management Studies, Mumbai","Dadabhai Navroji House, 164, Backbay Reclamation, H. T. Parekh Marg, Rd No.3, Churchgate Mumbai , 400020",director@jbims.edu,Mumbai City,Dr. Kavita Laghate,22747700 Ext.- ,22024052 Ext.- ,Dr. Ajay Deshmukh
1,2,3002,"Sydenham Institute of Management Studies & Research & Entrepreneurship Education(SIMSREE), Mumbai","B-Road, Churchgate, Mumbai  400020",director@simsree.net,Mumbai City,DR.M.B.Bhide,61510701 Ext.- 700,61510700 Ext.- ,Farooque T.Peerzada
2,3,3003,"Alkesh Dinesh Modi Institute for Financial & Management Studies, Mumbai","Joravar Bhavan,opp.new boys hostel, mumbai university Kalina Vidyanagari campus,Santacruz(E.)Mumbai- 400 098",director@admi.mu.ac.in,Mumbai Suburban,Dr Smita Shukla,26521680 Ext.- ,65903680 Ext.- ,Dr Smita Shukla
3,4,3004,"Jankidevi Bajaj Institute of Management Studies, Santacruz, Mumbai","Sir Vithaldas Thackersey Vidya Vihar, Juhu Road, Santacruz(w), Mumbai 400049",jdbims@sndt.ac.in,Mumbai Suburban,Dr. Meera Shanker,26606626 Ext.- ,26606607 Ext.- ,Dr. Deepak Govind Deshpande
4,5,3005,"Government College of Pharmacy, Ratnagiri","Government Polytechnic Campus, Near Thiba Palace, Ratnagiri",bpharmratnagiri@gmail.com,Ratnagiri,Dr. Rajendra Panditrao Marathe,221201 Ext.- 02352, Ext.- ,Smt. Kumud Uday Purohit
5,6,3006,"Government Institute of Printing Technology, Mumbai","J.J School Of Architecture Compound, Near Cst Station, Mumbai 400001",gipt_m@rediffmail.com,Mumbai City,MRS. M.S.DESHPANDE,20821474 Ext.- , Ext.- ,Mrs. Maya Waghmare
6,7,3007,"Government Polytechnic, Mumbai","49, Ali Yawar Jung Marg, Kherwadi, Bandra(E), Mumbai 400051","principal@gpmumbai.ac.in,gpmumbai@gpmumbai.ac.in",Mumbai Suburban,Swati D Deshpande,26474780 Ext.- , Ext.- ,Swati D Deshpande
7,8,3008,"Government Polytechnic, Pen","At Post Ramwadi, Tal.Pen, Dist.Raigad. Raigad , 402107",governmentpolytechnicpen@rediffmail.com,Raigad,Dr. Sunil Sukhdeo Bhamre,9405691405 Ext.- ,9405691405 Ext.- ,Mrs. Sangita Chavan
8,9,3009,"Government Polytechnic, Ratnagiri","Near Thiba  Palace, Ratnagiri , 415612",office.gpratnagiri@dtemaharashtra.gov.in,Ratnagiri,SHRI. A. M. JADHAV,222435 Ext.- ,222203 Ext.- ,Shri. K. G. Narvekar
9,10,3010,"Government Polytechnic, Malvan","A/P Kumbharmath, Malvan, Sindhudurg , 416606",gpmalvan3010@gmail.com,Sindhudurg,Dr. Suresh A. Patil,252223 Ext.- ,251371 Ext.- ,Mr. B. R. Ayare
10,11,3011,"Government Polytechnic, Thane","At Phadke Pada, Opp. Bharat Gears,Mumbra Shil Road,Opp Bharat  Ltd. Thane , 400612",principal.gpthane@dtemaharashtra.gov.in,Thane,DR.NITIKET NIJANAND MHALA,9969601972 Ext.- ,9284720100 Ext.- ,AARTI MILIND PANCHMUKH
11,12,3012,"Veermata Jijabai Technological Institute(VJTI), Matunga, Mumbai","H.R. Mahajani Marg, Matunga, Mumbai ",director@vjti.org.in,Mumbai City,Dr. Dhiren R. Patel,24198101 Ext.- ,24198101 Ext.- ,Dr. V. N. Palaskar
12,13,3013,"Government Polytechnic, Vikramgad.","ZadPoli, Shil Road, at post Shil, Tal. Vikramgad, District Palghar",gpvikramgad11@gmail.com,Palghar,Shri. Atul B. Borade,203133 Ext.- ,203126 Ext.- ,Dr. A.V.Peshve
13,14,3014,"Sardar Patel College of Engineering, Andheri","Munshi Nagar, Andheri (West),  Mumbai - Suburban ,Mumbai ",principal@spce.ac.in,Mumbai Suburban,Dr. Priyadarshi H. Sawant,26232192 Ext.- 201,26708371 Ext.- ,S.R.Vinerkar
14,15,3015,"Prin. K.M. Kundnani College of Pharmacy, Mumbai","Plot No. 23, Jote Joy, Rambhau Salgaonkar Marg, Cuffe Parade Mumbai",kmkcp@rediffmail.com,Mumbai City,Dr. (Mrs.) Urmila J.Joshi,22164368 Ext.- ,22165276 Ext.- ,Mrs. Swarada Tendulkar
15,16,3016,"Bombay College of Pharmacy, Santacruz(E), Mumbai","Kalina, Santacruz (E), Mumbai ",office.bcpindia@gmail.com,Mumbai Suburban,Dr.Krishnapriya Mohanraj,26670871 Ext.- 240,266701027 Ext.- 240,B.G KAWADE
16,17,3017,"C U Shah College of Pharmacy for Women, Mumbai","Sir Vithaldas Vidyavihar,(SNDT Women Uni)Juhu Road, Santacruz(w) Mumbai",cuscp@yahoo.co.in,Mumbai Suburban,Dr. Mrs. Pratima A. Tatke,26608462 Ext.- 2358,26609577 Ext.- ,Mr. Sharad Namdeo Dangle
17,18,3018,"Rachna Sansad Academy Of Architecture,Mumbai","278, Shankar Ghanekar Marg, Behind Ravindra Natya Mandir, Prabhadevi,Mumbai",contact@aoamumbai.in,Mumbai City,Shri Suresh M. Singh,24301024 Ext.- 205,24381749 Ext.- ,Suhas Pathak
18,19,3019,"Sir J. J. College of Architecture, Mumbai","78 / 3, Dr. D.N. Road, Fort, Mumbai",sirjjarchitecture@yahoo.co.in,Mumbai City,Rajiv,22621649 Ext.- , Ext.- ,
19,20,3020,"Sasmira's Institute of Manmade Textiles, Mumbai","Dr. A.B. Road, Sasmira Marg, Worli, Mumbai. 400030",principal@sasmira.org,Mumbai City,Mr. G. R. Andhorikar,24935351 Ext.- 211,24918201 Ext.- ,Anjali k pawar
20,21,3021,"K. J. Somaiya Polytechnic, Mumbai","Vidyanagar, Mumbai , 400077",info.polytech@somaiya.edu,Mumbai City,Mrs. Padmaja Bhanu Bandaru,21021752 Ext.- 9900,21027408 Ext.- ,Mr. Jayant D Tambve
21,22,3023,"St. Xavier's Technical Institute, Mumbai","Mahim Causeway Road, Mahim, Mumbai , 400016",office@xaviertech.com,Mumbai City,Dr. Shivaji B. Ghungrad,24455937 Ext.- ,24451961 Ext.- ,RAVIRAJ GHADGE
22,23,3024,"Sophia Shree B.K. Somani Memorial Polytechnic), Mumbai","Sophia Shree B. K. Somani Memorial Polytechnic, Mumbai , 400026",0407principal@msbte.com,Mumbai City,Dr. (Sr.) Anila Verghese,23514147 Ext.- 14,23514147 Ext.- 022,Dr.(Mrs.) Jignasa Shah
23,24,3025,"Shri Bhagubhai Mafatlal Polytechnic, Mumbai","N.R.G. Gadkari Marg, Mumbai , 400056",principalsbmp@rediffmail.com,Mumbai City,DR.M.Z.SHAIKH,42336000 Ext.- 6001, Ext.- ,MRS. P.S.KHIRE
24,25,3026,"M. H. Saboo Siddik Polytechnic, Mumbai","Anjuman-I-Islam's M.H.Saboo Siddik Polytechnic, 8, Shepherd Rd, Byculla, Mumbai",principal.mhssp@yahoo.com,Mumbai City,Ms. Zaibunisa Malik,23084881 Ext.- 110,23052252 Ext.- ,MR. MOHAMMAD TOUSIF SHAIKH
25,26,3027,"Premlila Vithaldas Polytechnic(Womens),Mumbai","SNDT Women's University,Juhu Road,Santacruz (W) Mumbai - Suburban , 400049",pvp@pvpsndt.org,Mumbai Suburban,Dr. Sachin Laddha ,26608676 Ext.- 101,26605162 Ext.- ,vacant
26,27,3028,"Father Agnel Technical College (Polytechnic), Bandra(W), Mumbai","Fr. Agnel Ashram Mumbai , 400050",fragnel_bandra@yahoo.com,Mumbai City,M. S. MOHAN,67114054 Ext.- 254,67114051 Ext.- 251,DEEPAK MASANE
27,28,3032,"S.N.D.T Women's University P.G.D. of Computer Science, Mumbai","Sir Vithaldas Thackersey Vidya Vihar,  Juhu Road, Santacruz(w), Mumbai - 400049",computersc@sndt.ac.in,Mumbai Suburban,Dr. Anita N Chaware,0222660 Ext.- 5127, Ext.- ,Dr. Deepak Govind Deshpande
28,29,3033,"Dr. Babasaheb Ambedkar Technological University, Lonere","Vidyavihar, P.O. Lonere, Ta-Mangaon Dist. Raigad ",registrar@dbatu.ac.in,Raigad,Dr. Brijesh  Iyer( Registrar ),275142 Ext.- , Ext.- ,Dr.Sunil S. Bhamare (Registrar )
29,30,3035,"Usha Mittal Institute of Technology SNDT  Women's University, Mumbai","SNDT  Women's University, Mumbai Juhu Campus, Santacruz (W), Mumbai ",umit@sndt.ac.in,Mumbai Suburban,Dr. Sanjay S. Pawar,26605183 Ext.- , Ext.- ,Dr. Deepak Deshpande  
30,31,3036,"Institute of Chemical Technology, Matunga, Mumbai","Nathalal Parikh Marg, Matunga, Mumbai ",ar.acad@staff.ictmumbai.edu.in,Mumbai City,Prof. G.D. Yadav,33611111 Ext.- 2222, Ext.- ,Prof. S.S. Lele
31,32,3039,"Hydrabad (Sind) National Collegiate K.M.Kundanani Pharmacy Polytechnic,Ulhasnagar Dist-Thane","Opp. Ulasnagar Railway Station, Thane , 421003",pkmkpp2003@yahoo.com,Thane,Mrs. Manjiri Gharat ,2705163 Ext.- 0251,2705163 Ext.- 0251,Mrs. Reema Wadhwani
32,33,3040,"Dr. Babasaheb Ambedkar Tech.University,Institute of Petrochemical Engineering,Lonere,Raigad","Vidyavihar,P.O.Lonere,Tal-Mangaon. Raigad , 402103",iopelonere@rediffmail.com,Raigad,Dr M.A. Dabhade,275103 Ext.- ,275103 Ext.- ,---
33,34,3041,PREMLILA VITHALDAS POLYTECHNIC Pharmacy shifted to 3027 from 3041,"SNDT Women's University, Juhu Road, Santacruz(W), Mumbai sub",pvp@pvpsndt.org,Mumbai City,Dr. Sachin Laddha ,26608676 Ext.- 101,26605162 Ext.- ,vacant
34,35,3101,"Bharti Vidyapeeth's Institute of Management Studies & Research, Navi Mumbai",Sector 8 CBD Belapur Navi Mumbai,director@bvimsr.com,Thane,Dr. Anjali Avinash Kalse,27572433 Ext.- ,27562582 Ext.- ,Mrs. Varsha D. Gawli
35,36,3102,"Chetana's Ramprasad Khandelwal Institute of Management & Research, Mumbai","Survey No. 341, Govt. Colony, Bandra (E), Mumbai  400051",info@crkimr.in,Mumbai Suburban,Mrs. (Dr). Jayashree Bhakay,26513346 Ext.- 1101,26430581 Ext.- ,Dr.Suresh Nerkar
36,37,3103,"K. J. Somaiya Institute of Management Studies & Research, Mumbai","Vidyanagar, Vidyavihar (E),  Mumbai  400077",meera@somaiya.edu,Mumbai City,Dr.(Prof) Monica Khanna,67283000 Ext.- 3003,67283000 Ext.- 3003,Meera Ramanathan
37,38,3104,"Lala Lajpatrai Institute of Management, Mumbai","Lala Lajpatrai Marg,  Mahalaxmi, Mumbai - 34.",info@llim.edu,Mumbai City,Dr. V.B. Angadi ,23513874 Ext.- 121,23513874 Ext.- 121,Suresh Suvarna
38,39,3105,"Mahatma Gandhi Mission's Institute of Management Studies & Research, Kamothe","At.Junction NH4,Sion Panvel Express Highway,Kalamboli,Kamothe,Navi Mumbai Raigad , 400706",mgm_imsr@yahoo.com,Raigad,Prof. Ashwini Arte,27433002 Ext.- ,27433008 Ext.- ,Rekha Suryavanshi
39,40,3106,"MET's Institute of Management, Mumbai","Gen. Arunkumar Vaidya Chowk, Bandra (W), Mumbai  400050",director_iom@met.edu,Mumbai Suburban,Prof Vijay Page,39554286 Ext.- , Ext.- ,Miss Anuradha Chavan
40,41,3107,"Prin. L. N. Welingkar Institute of Management Development & Research, Mumbai","Lakhamsi Nappo Road, Next To R.A. Podar College of Commerce, Matunga(E), Mumbai 400019 ",director@welingkar.org,Mumbai City,Prof.Dr.Uday Salunkhe,24198300 Ext.- 8101,24105332 Ext.- ,Subhash Bhosle
41,42,3108,"Rizvi Institute of Management Studies & Research, Mumbai","New Rizvi Education Complex, Off. Carter Road,  Bandra (W) Mumbai , 400050",info@rmi.rizvi.edu.in,Mumbai Suburban,Dr. Kalim Khan,26042180 Ext.- 201,26044068 Ext.- 201,Mr. Sharad D. Shejawal
42,43,3109,"S.I.E.S. College of Management Studies, Mumbai","Sri. Chandrasekarandra Saraswathy Vidyapuram,  Plot 1 E, Sector-5, Nerul, Navi Mumbai Raigad , 400706",siescomsadmin@sies.edu.in,Raigad,"Dr.Bigyan Prakash Verma ,Director ",61082400 Ext.- 3401,27708333 Ext.- ,R.Chandrsekar
43,44,3110,"Vivekanand Education Society's Institute of Management Studies & Research, Mumbai","495-497,Collectors' Colony, Near Muncipal School, Chembur  Mumbai , 400074",mailus.vesim@ves.ac.in,Mumbai Suburban,Dr. Satish Modh,67893000 Ext.- 106,67893000 Ext.- 106,Arvind Waghmare
44,45,3111,"N. L. Dalmia Institute of Management Studies and Research, Mumbai","Srishti, Sector-I, Mira Road (E), Mumbai Thane , 401104",info@nldalmia.in,Thane,Dr. Raja Roy Choudhury,42990033 Ext.- 743,42990004 Ext.- ,Mr.-
45,46,3112,"Indian Education Society's Management College & Research Centre, Mumbai","Vishwakarma M.D ,Lotlikar Vidya Sankul, 791, Shri Krishnachand Marg,  Opp. Lilavati Hospital, Bandra Reclamation, Bandra (W), Mumbai , 400050",info@ies.edu,Mumbai Suburban,DR. DINESH D. HARSOLEKAR,26561717 Ext.- 721,25895084 Ext.- ,Mr. Bhalchandra Ghadi 
46,47,3113,"Maratha Mandir's Babasaheb Gawde Institute of Management Studies, Mumbai","4th Floor, Maratha Mandir's Annex, Babasaheb Gawde Chowk, Dr.  A.B. Nair Rd.,  Mumbai Central, Mumbai (M.S.)  400008",director@mmbgims.com,Mumbai City,Dr. Vidya Hattangadi ,66044100 Ext.- ,66044100 Ext.- ,Yogesh Sawant
47,48,3114,"Mahatma Education Society's Pillai's Institute of Management Studies & Research, New Panvel","Dr. K. M. Vasudevan Pillai's Campus 10, Sector 16, Podi No. 2, New Panvel, Maharashtra  Raigad , 410206",pimsr@mes.ac.in,Raigad,Dr. Satish K Nair,27456100 Ext.- 121,27451700 Ext.- 120,Mohan Naik
48,49,3115,"Anjuman-I-Islam's Allana Institute of Management Studies, Mumbai","Anjuman-I-Islam's Secretariat Bldg., Badruddin Tayyabji Marg, Off. 92, D.N. Road, Opp. CST, Mumbai  400001",director@aiaims.com,Mumbai City,Dr. Bernadette D’silva,22705207 Ext.- 28,22705208 Ext.- ,Gopal Chavan
49,50,3116,"Agnel Charities Agnel Seva Sangha's Fr. C. Rodrigues Inst. of Management. Studies, Vashi, Navi Mumbai","Sector 9A, Vashi, Navi Mumbai, Thane",agnelbiz@gmail.com,Thane,Dr. Sujata Chincholkar,27771000 Ext.- 246, Ext.- ,Shrabani Walke
50,51,3117,"Gurunanak Institute of Management Studies, Mumbai","Khalsa College Campus, Annex Building,  King's Circle, Matunga, Mumbai  400019",info@gnims.com,Mumbai City,Dr. Dattajirao Yashwantrao Patil,24043927 Ext.- ,32939193 Ext.- ,Archana Mayekar
51,52,3118,"Zagdu Singh Chartitable Trust's Thakur Institute of Management Studies & Research, Mumbai","Shyam Narayan Thakur Marg, Thakur Village, Kandivali (E), Mumbai 400101",timsr@thakureducation.org,Mumbai Suburban,Dr. Pankaj Natu,67308201 Ext.- 205,28854924 Ext.- ,Pankaj Singh
52,53,3119,"St. Francis Institute of Management & Research, Mumbai","Mt. Poinsur, S.V.P. Road, Borivali(W), Mumbai 400103",info@sfimar.org,Mumbai Suburban,DR.D. HENRY BABU,28929156 Ext.- 106,28958403 Ext.- 38,Bro. Xavier Munda
53,54,3120,"Atharva Educational Trust, Atharva Institute of Management Studies, Mumbai","S. No. 263, Plot No. 8-12, Malad-Marve Road, Charkop Naka, Malad(W), Mumbai  400095",aims@atharvaeducation.com,Mumbai Suburban,"DR. SUJATA PANDEY, DIRECTOR",40294949 Ext.- 300,40294949 Ext.- 309,MR. PRAKASH BHATKAR
54,55,3121,"Sahajeevan Shikshan Sanstha's Madanbhai Sura Institute of Business Management, Khed Dist. Ratnagiri","At Post Taluka Khed,  District-Ratnagiri ",msibmkhed@gmail.com,Ratnagiri,Dr. Prasad Suresh Bhanage,263895 Ext.- , Ext.- ,Nikhil Ashok Salvi
55,56,3122,"IBSAR Trust's IBSAR Institute of Management Studies, Karjat, Raigad","Plot no.159 B,Dahivali Tarfe Need, Karjat, Dist: Raigad  410201",iimskarjat410201@gmail.com,Raigad,Dr. M.L.Monga,220472 Ext.- ,220472 Ext.- ,Jayawant Upadhye
56,57,3123,"Parle Tilak Vidyalaya Asso.'s Institute of Management, Mumbai","Chitrakar Ketkar Marg, Vile Parle(E), Mumbai   400057",admin@ptvaim.com,Mumbai Suburban,Dr.  Harish Kumar S. Purohit,26100100 Ext.- 203, Ext.- ,Ms.Sunita Shringarpure
57,58,3124,"Saraswati Education Society, Group of Institutions ( Integrated Campus), Diksal Dist. Raigad","Sau.Vandana N.Tasgaonkar Technical Education Complex, Plot No.14, Village Diksal Post Koshane, Kalyan-Karjat Road,",sesgoifoe3124@gmail.com,Raigad,PROF. PRAFUL JAWANJAL,96570684 Ext.- 56,225666 Ext.- ,MS. MANISHA BHAWSAR
58,59,3125,"Audyogik Shikshan Mandal's Institute of Management & Computer Studies, Thane","C-4 Wagle Industial Estate, NearMulund Check Naka Thane(Mumbai)  400604",imcost@redifffmail.com,Thane,Dr. D. V. Kulkarni,25832452 Ext.- , Ext.- ,Manisha Shinde
59,60,3127,"NCRD's Sterling Institute of Management Studies, Navi Mumbai","Opp to Darave petrol pump,Plot No 93, Sector 19 Nerul (E), Navi mumbai  400706",accounts@ncrdsims.edu.in,Thane,Dr. Prashant Gundawar,27702282 Ext.- 211, Ext.- ,Dnyandeo Jadhar
60,61,3128,"Mandar Education Society's Rajaram Shinde College of Master of Business Adminstration, Chiplun","At Pedhambe Po. Alore ,Tal. Chiplun Dist: Ratnagiri 415603",mesmandarmba@gmail.com,Ratnagiri,Dattaprasad Mirajkar,230243 Ext.- 02355, Ext.- ,Vaishnavi B Shinde
61,62,3129,"Mumbai Institute of Management & Research, Mumbai","Knowledge Centre, Behind- MbPT Hospital Nadkarni Park, Near railway station,Wadala(East), Mumbai - 400 037",miomr@yahoo.com,Mumbai City,Dr. Chadaram Potharaju Satyanarayana,24143009 Ext.- ,24110879 Ext.- ,Mr. Vithal Shankar Chavan
62,63,3130,"VPM's Dr. V.N. Bedekar Institute Of Management Studies, Mumbai","Jnanadweepa, Chendani, Bunder Road, Thane (W)   400601",vnbrims@vpmthane.org,Thane,Dr.Nitin Joshi ,25391665 Ext.- ,25364492 Ext.- 304,Vaibhav Pandit
63,64,3131,"Hashmatrai and Gangaram Himathmal Mansukhani Institute of Management, Ulhasnagar, Thane","Opposite Ulhasnagar Railway Station,  Smt. CHM College Campus, Ulhasnagar 421 003",hsncb.mgmt@gmail.com,Thane,Dr. Mrs. Swati Sabale (Director),2571867 Ext.- ,2562662 Ext.- ,NA
64,65,3132,"Dr. G D Pol Foundation YMT College of Management, Navi Mumbai","Intitutional Area, Sector 4  Kharghar, Navi Mumbai 410 210",ymtmanagement@gmail.com,Raigad,Dr. Swati Padoshi,27744408 Ext.- ,27744408 Ext.- ,Mrs. Japita Bhowmik
65,66,3133,"Swayamsiddhi Mitra Sangh's College of Management & Research, Thane","Sonadevi Compaund, Temghar, Near Octroi Naka,  Kalyan Road, Bhivandi, Dist. Thane   421302",sscmr.mba@gmail.com,Thane,  Director Dr. Ginlianlal Buhril,248257 Ext.- 21,248257 Ext.- 21,Mr. Kishor Parmar
66,67,3134,"Bombay St. Xavier College Soc.'s Xavier Institute of Management & Research, Mumbai","St. Xavier College Campus, 5, Mahapalika Marg, Mumbai  400001",admin@ximr.ac.in,Mumbai City,Prof.Dr.Vaidyanathan K. N.,22650608 Ext.- 107,650609 Ext.- 107,Malachy Dias
67,68,3135,"Manjara Charitable Trust's Rajiv Gandhi Institute of Technology, Mumbai","Off. Juhu Versova Link Road, Versova, Andheri(W) Mumbai ",mctrgit02@gmail.com,Mumbai Suburban,Dr. Sanjay U. Bokade,26707026 Ext.- 101,26707025 Ext.- 101,Shri. Subhash Khachane
68,69,3136,"Oriental Education Society Oriental Institute of Management, Navi Mumbai","Plot No 149, Sector 12, Vashi Navi Mumbai 400703",admin@oim.edu.in,Raigad,Dr.K.G.Dawani,27899156 Ext.- 11,27899157 Ext.- 13,Mrs.Nirmala Falke
69,70,3138,"Gahlot Institute of Management Studies and Research, Navi Mumbai","Plot No.59, Sector-14, Koperkhairane, Navi Mumbai 400709 ",gahlot_mgmt@rediffmail.com,Raigad,Viral Desai,27550811 Ext.- 203,27550822 Ext.- ,Mrs. Arati Jagdale
70,71,3139,"Vidyalankar Institute of Technology,Wadala, Mumbai","Vidyalankar Educational Campus,Vidyalankar College Marg, Wadala(E), Mumbai ",principal@vit.edu.in,Mumbai City,Dr. S A Patekar,24161126 Ext.- 1001,24161126 Ext.- 1001,Mukund Deshmukh
71,72,3140,"Vighnaharata Trust, Shivajirao S. Jodhale Institute of Management Science and Research, Asangaon","Asangaon, Opp. Asangaon Railway Station, Tal.Shahapur, Dist. Thane  421601",vjtsscoe@rediffmail.com,Thane, dr suunil losarwar ,9594962027 Ext.- ,9594962026 Ext.- ,R. M. KORDE
72,73,3142,"Navjeevan Education Society's Polytechnic, Mumbai","Ganesh Nagar,Ganesh Path Mumbai , 400078",nespolytechnic@rediffmail.com,Mumbai Suburban,Mr. AJAY S. BHOIR,25952601 Ext.- 022, Ext.- ,A. P. PATIL
73,74,3143,"Zagdu Singh Charitable Trust's Thakur Polytechnic, Mumbai","Thakur Complex, West To W.E.Highway Mumbai ",tpoly@thakureducation.org,Mumbai Suburban,Dr. S.M. Ganechari,28542481 Ext.- 312,28543540 Ext.- ,Mrs. Sarita Singh
74,75,3144,"Mahavir Education Trust's Shah & Anchor Kutchhi Polytechnic, Mumbai","Near Chhatrapati Shivaji Maharaj Chowk, , Waman Tukaram Patil Marg  Mumbai , 400088",info@sakp.ac.in,Mumbai City,PROF. SANJAY M. LUNGE ,67978400 Ext.- 222,67978400 Ext.- 222,Mahendra P. Bagul
75,76,3145,"Vivekanand Education Society's Polytechnic, Mumbai","Sindhi Society,Chembur Mumbai , 400071",vespolytechnic@yahoo.co.in,Mumbai City,Mr. Vikrant B Joshi ,25227638 Ext.- 103, Ext.- ,Mr. Vikrant B Joshi 
76,77,3146,"Jawahar Education Society's Annasaheb Chudaman Patil College of Engineering,Kharghar, Navi Mumbai","Sector 4,Ploat No-17,Kharghar, Navi Mumbai. Dist. Raigad ",principal@acpce.ac.in,Raigad,Dr Vijaykumar N Pawar,27745722 Ext.- , Ext.- ,MR. C. L. PATIL
77,78,3147,"Saraswati Education Society, Yadavrao Tasgaonkar  Institute of Engineering & Technology, Karjat","Near Bhiv puri Road Railway statiion Chandai ,Tal Karjat, Dist Raigad",nanduyt@hotmail.com,Raigad,Prof. S.R. Wankhade,8806753541 Ext.- , Ext.- ,vivek sawant 
78,79,3148,"Mahavir Education Trust's Shah & Anchor Kutchhi Engineering College, Mumbai","Vaman Tukaram Patil Marg, Chembur, Mumbai",principal@sakec.ac.in,Mumbai Suburban,Dr. Bhavesh Patel,25580854 Ext.- 121,67978100 Ext.- 121,Prof.A.W.Khan
79,80,3149,"Shree Shankar Narayan Education Trust's Rohidas Patil Institute of Management Studies, Bhayandar","Mahavidyalaya Marg, Navghar,  Bhayandar (E), Dist Thane  401105",director@rpims.com,Thane,Dr. Bhupesh V. Rane,28160904 Ext.- , Ext.- ,Mr. Vishnu S. Patil
80,81,3151,"Vishweshwar Education Society's Indira Institute of Business Management, Navi Mumbai","Plot No. -2, Sector 9,  Sanpada, Navi Mumbai. Raigad , 400705",info@indiraiibm.edu.in,Raigad,Dr. Swati Padoshi,27753228 Ext.- 137,27752428 Ext.- ,-
81,82,3153,"Humera Khan Institute Of Mangement Studies & Reserch, Mumbai","Mhada Complex, Pratiksha Nagar,  Oshiwara, Jogeshwari (W), Mumbai  400102",admin.mba@hkimsr.edu.in,Mumbai Suburban,Prof. Tamojit G. Roy,26774588 Ext.- 20, Ext.- ,Mr. Ayub Chougule
82,83,3154,"Saraswati Education Society's Saraswati College of Engineering,Kharghar Navi Mumbai","Plot No 46/46 A, Sector 5 Near MSEB Sub Station Kharghar Navi Mumbai  Dist. Raigad ",registrarsaraswati@gmail.com,Raigad,DR.Manjusah Deshmukh,27743705 Ext.- 215,27743706 Ext.- 215,Mr.Amar Shinde
83,84,3155,"SYCSPM'S Sinhgad Institute of Business Management, Chandivali, Powai, Mumbai","Plot No. 126, MHADA Colony, Chandivali, Powai, Mumbai.  400072",info@sycspm.org,Mumbai Suburban,Dr. S. Mohanty,28582888 Ext.- ,28472090 Ext.- ,P. L. Jangam
84,85,3157,"Shree Ghatkopar Sarvajanik Jivdaya Khatur's Aruna Manharlal Shah Institute of Management & Research, Ghatkopar","R. B. Kadam Marg(Jivdaya Lane), Near MTNL Exchange, Agra Road, Ghatkopar (w) Mumbai  400086",info@amsimr.org,Mumbai Suburban,Mr. Purav Shah,25126805 Ext.- ,25126805 Ext.- ,Mr. Pankaj Mehta
85,86,3158,"Saket Gyanpeeth's, Saket College of management, Kalyan","S.No.27, H.No.10, Katemanivlli, Kalyan (East),Dist:Thane  421304",saketcollegeofmanagement@gmail.com,Thane,Dr.Sanoj Kumar,2250469 Ext.- 56,2250469 Ext.- 56,Mr.Vinayak N Mane
86,87,3159,"JNIESTR's,Rajeev Gandhi College of Management Studies, Navi Mumbai","Plot No. 1,Sector-8, Ghansoli, Navi Mumbai. ",rgcms@rediffmail.com,Thane,Dr. Anil Matkar,7303760809 Ext.- , Ext.- ,Dinesh T. Gabhane
87,88,3160,"Mahatma Edu.Soc.'s Pillai's HOC Institute of Management Studies & Research, Khalapur Dist. Raigadh","Pillai's HOCL Educational Campus,Rasayani,Khalapur, Via Panvel, Dist Raigad.  410207",vpillai@mes.ac.in,Raigad,Dr. Shasidharan Pillai,250066 Ext.- ,250066 Ext.- ,Ashrin Khan
88,89,3161,Viva Institute of Management and Research (Viva School of Management and Research),Viva Institute of Management and Research (Viva School of Management and Research),contact@vivaimr.org,Palghar,Dr. Hireshkumar Shankarlal Luhar,6990999 Ext.- 103,9321754320 Ext.- ,Mr. Mahendra D. Kajare
89,90,3162,"Bharti Vidyapeeth's Institute of Management & Information Technology, Navi Mumbai","Sector 8. CBD, Belapur, Navi Mumbai  400614",admission@bvimit.co.in,Thane,Bharati Vidyapeeth's Institute of Management  Informati,27578415 Ext.- 209,27578415 Ext.- 209,Amol Ghatage
90,91,3163,"Shri Angarsiddha Shikshan Prasarak Mandal's Diploma In Pharmacy Institute,Sangulwadi,Tal-Vaibhavwadi","Np 1290, At Post Sangulwadi, Vaibhavwadi, Sindhudurg 416810",0852principal@msbte.com,Sindhudurg,Mr. Patil Jivan Rajaram,237370 Ext.- ,237370 Ext.- ,Mr.Ganesh Patil
91,92,3165,"Viva School Of MCA, Virar (E)","Viva School Of MCA, Virar (E)",principal@vivamca.org,Palghar,Dr. Minesh Ade,7770002544 Ext.- ,7887447776 Ext.- ,Mr. Mahendra Kajare
92,93,3167,"Mumbai Education Trust's Institute of Computer Science, Bandra (W), Mumbai","Gen. Arunkumar Vaidya Chowk, 2nd Floor, MET complex, Bandra Reclamation, Bandra(W), Mumba 400050",principal_ics@met.edu,Mumbai Suburban,Dr.Abhijit Banubakode,39554267 Ext.- 267,39554267 Ext.- 267,Mr. Shrikant S. Apte
93,94,3168,"Thakur Institute of Management Studies Career Development Research, Kandivali (E), Mumbai","Shyamanarayan Thakur Marg, Thakur Village, Kandivali (E), Mumbai , 400101",timscdr@thakureducation.org,Mumbai Suburban,Dr. Vinita Gaikwad,67308301 Ext.- 318,67308318 Ext.- ,Mr. Shailesh Sharma
94,95,3169,"Late Bhausaheb Hiray S. S. Trust's Institute of Computer Application, Bandra (E), Mumbai","S.No 341, Next to New English School,Opp. Kherwadi police station Govt. Colony, Bandra(E), Mumbai  400051",hirayplacement@yahoo.co.in,Mumbai Suburban,Ms. Sonali Mote ,26570986 Ext.- 12,26570892 Ext.- ,ANIL PARAB
95,96,3173,"Deccan Education Society's Navinchandra Mehta Institute of Technology & Development, Dadar, Mumbai","DES's Mumbai Campus, Kirti College Road, Dadar (W), Mumbai.  400028",director@nmitd.edu.in,Mumbai City,Dr. Samadhan Khamkar,62764583 Ext.- ,62764583 Ext.- ,PRASAD KULAKRNI
96,97,3174,"Ramrao Adik Edu Soc, Ramarao Adik Institute of Tech., Navi Mumbai"," Dr. D.Y. Patil Vidyanagar, Sector-7, Phase-I, Nerul, Navi Mumbai",ramraoadik@gmail.com,Thane,Dr. Ramesh Vasappanavara,27709574 Ext.- , Ext.- ,Dr. Tanmay Sinnarkar
97,98,3175,"M.G.M.'s College of Engineering and Technology, Kamothe, Navi Mumbai","At Junction of NH4 & Sion-Panvel Expressway,  Kamothe, Navi Mumbai ",principal.cet@mgmmumbai.ac.in,Raigad,Dr. Santosh K. Narayankhedkar,27433421 Ext.- ,65138119 Ext.- ,Dr. Sunita Shinde
98,99,3176,"Thakur College of Engineering and Technology, Kandivali, Mumbai","Thakur Shyamnarayan Marg,Thakur Village,Kandivali(E), Mumbai",tcet@thakureducation.org,Mumbai Suburban,Dr.B.K.Mishra,67308000 Ext.- 106,67308000 Ext.- 110,Pankaj Singh
99,100,3181,"K.J.Somaiya College of Engineering, Vidyavihar, Mumbai","Vidya_Nagar, Vidya Vihar, Mumbai ",principal.engg@somaiya.edu,Mumbai Suburban,DR. SHUBHA PANDIT,66449191 Ext.- 9005, Ext.- ,SANJAY KAKADE
100,101,3182,"Thadomal Shahani Engineering College, Bandra, Mumbai","37th Road, Off Linking Road, (Near National), Bandra (West), Mumbai ",gtthampi@yahoo.com,Mumbai Suburban,Prof. (Dr.) G.T.Thampi,26041631 Ext.- ,26047087 Ext.- ,Manohar Chandwani
101,102,3183,"Anjuman-I-Islam's M.H. Saboo Siddik College of Engineering, Byculla, Mumbai","8, M.H.Saboo Siddik Polytechnic Road, P.O.Box: 4627, Byculla ,Mumbai",aimhssce@gmail.com,Mumbai City,Dr. Mohiuddin Ahmed,23012922 Ext.- 101, Ext.- ,Mr. Syed Wajihuddin
102,103,3184,"Fr. Conceicao Rodrigues College of Engineering, Bandra,Mumbai","Father Agnel Ashram , Band-stand, Bandra (West), Mumbai",crce@fragnel.edu.in,Mumbai Suburban,Dr. Srija Unnikrishnan,67114000 Ext.- ,67114101 Ext.- ,Chandrashekhar Shetty
103,104,3185,"Vivekanand Education Society's Institute of Technology, Chembur, Mumbai","Hashu Advani Memorial Complex, Behind Collector Colony, R.C. Marg, Chembur, Mumbai",vesit@vsnl.com,Mumbai Suburban,Dr. (Mrs.) J. M. Nair ,61532532 Ext.- ,61532511 Ext.- 511,Mrs. Asma Parveen I.Siddavatam
104,105,3186,"Indrayani Shikshan Prasarak Mandal Shri Pushpasen Sawant College of Diploma Pharmacy,Kudal","At Post Digas, Tal. Kudal Dist. Sindhudurg Sindhudurg , 400088",indrayanipharmacy@gmail.com,Sindhudurg,Mr.Amit Ashok Shahapurkar,229022 Ext.- 0,229022 Ext.- 0,MRS. NEHA MAHENDRA PARAB
105,106,3187,"N.Y.S.S.'s Datta Meghe College of Engineering, Airoli, Navi Mumbai","P.B. No. 15, CIDCO Colony, Plot No. 98, Sector 3,  Airoli, Navi Mumbai ",principaldmce@yahoo.com,Thane,Dr. S. D. Sawarkar,27791662 Ext.- 132, Ext.- ,na
106,107,3188,"Padmabhushan Vasantdada Patil Pratishthans College of Engineering, Sion,Mumbai","Padmabhushan Vasantdada Patil Education Complex, Eastern Express Highway, Near Everard Nagar,  Sion-Chunabhatti Mumbai ",principal@pvppcoe.ac.in,Mumbai City,Dr. Alam N. Shaikh,24070547 Ext.- 010, Ext.- ,Mr. Shailesh A. Mokashi
107,108,3189,"Bharati Vidyapeeth College of Engineering,  Navi Mumbai","Sector - 7,CBD- Belpur, Navi Mumbai 400614 ",principal.bvcoenm@bharatividyapeeth.edu,Thane,Dr.Sandhya D. Jadhav,27572140 Ext.- 103,27571074 Ext.- 103,Mr. Santosh Shahaji Pawar
108,109,3190,"Terna Engineering College, Nerul, Navi Mumbai","Plot No. 12, Sector-22,Opp. Nerul Railway Station,Phase-II, Nerul (W),Navi Mumbai ",principal@terna.org,Thane,Dr. LAKSHMAPPA RAGHA,61115444 Ext.- 401,61115401 Ext.- ,Kavita S.Kadam
109,110,3191,"Mandar Education Society's Rajaram Shinde College of Engineering, Pedhambe","At Pedhambe, Po. Alore, Tal : Chiplun, Dist. Ratnagiri",rscoedegree@gmail.com,Ratnagiri,DR. ANEESH GANGAL,230005 Ext.- 2008,230005 Ext.- 2009,D K Gaikwad
110,111,3192,"Smt. Indira Gandhi College of Engineering, Navi Mumbai","Plot No.1, Sector No. 08, Ghansoli , Navi Mumbai 400 701",contactus@sigce.edu.in,Thane,Dr. Sunil S. Chavan,27543608 Ext.- ,8080949300 Ext.- ,Chandrakant Jadhav
111,112,3193,"Shivajirao S. Jondhale College of Engineering, Dombivali,Mumbai","Sheel Kalyan Highway, Behind Venkatesh Petrolpump, Sonarpada, Manpada Post, Dombivali (E) Thane ",officessjcoe@gmail.com,Thane,Dr. Bakal Jagdish Wasudeorao,2872560 Ext.- ,2023973 Ext.- , Mr. Shejul F. C.
112,113,3194,"Vidyavardhini's College of Engineering and Technology, Vasai","Vasai Road (W Rly), Tal: Vasai, District Palghar ",vcet_inbox@vcet.edu.in,Palghar,DR HARISH V. VANKUDRE,2338234 Ext.- 111,2338234 Ext.- 111,Mr. Vishal K. Save
113,114,3196,"Lokmanya Tilak College of Engineering, Kopar Khairane, Navi Mumbai","Sector - 4, Plot N0 17 & 18, Vikas Nagar, Koparkhairane, Navi Mumbai",principal.ltce@gmail.com,Thane,Dr. Vivek K. Sunnapawr,27541005 Ext.- , Ext.- ,Pradeep D. Nangare Patil
114,115,3197,"Agnel Charities' FR. C. Rodrigues Institute of Technology, Vashi, Navi Mumbai","Sector 9-A,  Vashi, Navi Mumbai,",principalfcrit@gmail.com,Thane,Dr. S.M.KHOT,227771000 Ext.- 123,27771000 Ext.- 123,Neena Biju Nair
115,116,3198,"Konkan Gyanpeeth College of Engineering, Karjat","Vengaon Road, Dahivali, Karjat",principal@kgce.edu.in,Raigad,Dr.Madhukar J.Lengare,222580 Ext.- 202,222580 Ext.- ,A
116,117,3199,"Shri Vile Parle Kelvani Mandal's Dwarkadas J. Sanghvi College of Engineering, Vile Parle,Mumbai","Plot No. U-15, J.V.P.D. Scheme, Bhaktivedanta Swami Marg, Vile Parle (West), Mumbai",info@djsce.ac.in,Mumbai Suburban,Dr. Hari Vasudevan,26123892 Ext.- ,26123892 Ext.- ,Mrs. Shreeya Hadkar
117,118,3200,"Hope Foundation and research center's  Finolex Academy of Management and Technology, Ratnagiri","P- 60, P-60/1, MIDC, Mirjole Block, Ratnagiri",admin@famt.ac.in,Ratnagiri,DR. KAUSHAL PRASAD,229657 Ext.- ,229569 Ext.- ,Gajanan D Targaonkar
118,119,3201,"Rizvi Education Society's Rizvi College of Engineering, Bandra,Mumbai","Rizvi Educational Complex, Off Carter Road, Sherly Rajan Village, Bandra (W), Mumbai ",info@eng.rizvi.edu.in,Mumbai Suburban,Dr. Varsha Shah,26043866 Ext.- 140, Ext.- ,Mr.Vaquar Shaikh
119,120,3202,Rajendra Mane College of Engineering & Technology  Ambav Deorukh,"At - Ambav (Devrukh).Tal Sangameshwar,Dist.- Ratnagiri",info@rmcet.com,Ratnagiri,Dr. M. M. Bhagwat,269400 Ext.- 202,269609 Ext.- ,Padmanabh Shelar
120,121,3203,"Atharva College of Engineering,Malad(West),Mumbai","S. No. 263, Plot No. 8-12, Malad-Marve Rd, Charkop Naka, Malad(W), Mumbai",ace@atharvaeducation.com,Mumbai Suburban,Dr. SHRIKANT KALLURKAR,40294949 Ext.- 185,40294907 Ext.- 185,ANANDA  KANGANE
121,122,3204,"St. Francis Institute of Technology,Borivali, Mumbai","Mount Poinsur, S.V.P. Road, Borivali ( W ), Mumbai ",sfedu@sfit.ac.in,Mumbai Suburban,Dr.Sincy George,28928585 Ext.- , Ext.- ,-
122,123,3205,"Bharati Vidyapeeth College of Pharmacy, Belapur, Navi Mumbai","Sector 8, C.B.D, Belapur, Dist Thane ",bharaticop@rediffmail.com,Thane,Dr. Vilasrao J. Kadam,27571122 Ext.- 555,27574515 Ext.- ,Patankar G. L.
123,124,3206,"S.S.P.M.'s College of Engineering, Kankavli"," A/P-Harkul Budruk, Tal- Kankavali. Dist-Sindhudurg",sspmcoe@gmail.com,Sindhudurg,Dr. Aneesh C. Gangal,233812 Ext.- , Ext.- ,Shri Sagar Suresh Saikar
124,125,3207,"Mahatma Education Society's Pillai College of Engineering, New Panvel","Dr. K.M.Vasudevan Pillais' Campus Plot No. 10, Sector 16, New Panvel, Dist.Raigad",principalpce@mes.ac.in,Raigad,Dr. Sandeep M. Joshi,27456100 Ext.- 110,27451700 Ext.- 107,P. Kumaran
125,126,3208,"Don Bosco Institute of Technology, Mumbai","Premier Automobiles Road,Opp. Fiat Company, Kurla (West), Mumbai ",dbit@dbit.in,Mumbai Suburban,Dr. Prasanna Nambiar,25042018 Ext.- 113,25040508 Ext.- 113,Mr. Rajendra Tatkare
126,127,3209,"K J Somaiya Institute of Engineering and Information Technology, Sion, Mumbai","Somaiya Auryvihar Complex,  Near Everard Nagar Eastern Express Highway, Sion (East), Mumbai",principal.tech@somaiya.edu,Mumbai Suburban,Dr. Suresh K. Ukarande,24080331 Ext.- 401,24061401 Ext.- ,Ankush Gaikwad
127,128,3210,"Excelsior Education Society's K.C. College of Engineering and Management Studies and Research, Kopri, Thane (E)","Mith bunder Road, Near Sadguru Gardens, Kopri, Thane (E)",kcce21@hotmail.com,Thane,Dr. VILAS N. NITNAWARE,25327100 Ext.- 214, Ext.- ,Mahesh Suresh Dalvi
128,129,3211,"S.I.E.S. Graduate School of Technology, Nerul, Navi Mumbai","Sri. Chandrsekarendra Saraswathy Vidyapuram, Sector-5, Plot 1C&1E, Nerul Dist. Raigad ",principalgst@sies.edu.in,Raigad,Dr. Atul Kemkar,61082400 Ext.- 2401,61082404 Ext.- ,V.Vijayalakshmi
129,130,3212,"WATUMULL INSTITUTE OF ELECTRONICS ENGINEERING & COMPUTER TECHNOLOGY, ULHASNAGAR","Plot No.157,C.H.M.Campus,Opp.Ullhasnagar Rilway Station,Ulhasnagar-421003(W)",principal@watumull.edu,Mumbai City,DR.SUNITA SHARMA,2567670 Ext.- 0251, Ext.- ,Mr.Avinash Gondal
130,131,3214,"Xavier Institute Of Engineering C/O  Xavier Technical Institute,Mahim,Mumbai","Opposite S.L.Raheja Hospital, Mahim Causeway, Mahim(W),   Mumbai",office@xavier.ac.in,Mumbai City,Dr. Y. D. Venkatesh,24451961 Ext.- 201, Ext.- ,Ereena G. Rodrigues
131,132,3215,"Bhartiya Vidya Bhavan's Sardar Patel Institute  of Technology , Andheri, Mumbai","Bhavan's Campus, Versova Road, Munshi Nagar, Andheri (West), Mumbai",principal@spit.ac.in,Mumbai Suburban,Dr. B N Chaudhari,26287250 Ext.- 305, Ext.- ,Mrs. Pallavi More
132,133,3216,"Gharda Foundation's Gharda Institute of Technology,Khed, Ratnagiri","A & Po. Lavel Tal Khed,  Dist. Ratnagiri",principal@git-india.edu.in,Ratnagiri,Dr. Pramod Shriniwas Joshi,262798 Ext.- 101, Ext.- ,Mr. Mangesh S. Gadre
133,134,3217,"Vighnaharata Trust's  Shivajirao S. Jondhale College of Engineering & Technology, Shahapur, Asangaon, Dist Thane","At Asangaon, Tal Shahapur, Opp Railway station, Dist : Thane",vjtsscoe@rediffmail.com,Thane,Dr. GEETHA K. JAYARAJ,273999 Ext.- 02527,273999 Ext.- 02527,KISHOR JONDHALE
134,135,3218,"Aldel Education Trust's St. John College of Engineering & Management, Vevoor, Palghar","St. John Technical Education Complex, Village Vevoor,Manor Road  Palghar (E)",office@sjcem.edu.in,Palghar,Dr. G.V. Mulgund,297275 Ext.- 104,0 Ext.- 0,MR. SATISH KUMAR TIWARI
135,136,3219,"Koti Vidya Charitable Trust's  Smt. Alamuri Ratnamala Institute of Engineering and Technology,  Sapgaon, Tal. Shahapur","Sapgaon, Taluka Shahapur  Dist. Thane",registrar@armiet.com,Thane,Dr. LAVENDRA S BOTHRA,40244310 Ext.- ,40244310 Ext.- ,Ankit Suresh Sanghavi
136,137,3220,"Saraswati Education Society, Yadavrao Tasgaonkar College of Engineering and Management, Nasarapur, Chandai, Karjat","Chandhai, Neral - Kadav Raod, Post Nasrapur, Taluka Karjat, Dist. Raigad",sesytcem@gmail.com,Raigad,Prof. Raju Sairise,321524 Ext.- 02148,321524 Ext.- 02148,vivek dadu sawant
137,138,3221,"Late Shri. Vishnu Waman Thakur Charitable Trust, Viva Institute of Technology, Shirgaon","Shirgaon, At. Post Virar, Tal. Vasai. Thane ",principalvit@vivacollege.org,Palghar,Dr. Arun Kumar,7770002544 Ext.- 101,7770002544 Ext.- 101,Mr. Mahendra D. Kajare
138,139,3222,"Haji Jamaluddin Thim Trust's Theem College of Engineering, At. Villege Betegaon, Boisar","At Village Betegaon,Boisar Chillhar Road , Near Union Park,  Boisar(E), Tal: Palghar,",info@theemcoe.org,Palghar,Dr. Aqueel Ahmed Shah,284909 Ext.- 103,284926 Ext.- 103,SHEETAL PATIL
139,140,3223,"Mahatma Education Society's Pillai HOC College of Engineering & Technology, Tal. Khalapur. Dist. Raigad"," Pillai HOCL Educational
Campus, Rasayani, Tal. Khalapur. Dist. Raisad-",pragneshshah@mes.ac.in,Raigad,Dr. Madhumita Chatterjee,669000 Ext.- 145,669001 Ext.- ,Mr.Shirish Mayekar
140,141,3224,"Leela Education Society, G.V. Acharya Institute of Engineering and Technology, Shelu, Karjat","Shelu/Damat Village, (Opp. Shelu Rly Station), Tal. Karjat. Dist. Raigad",principalgvaiet@yahoo.com,Raigad,Dr. Rajendra Prasad,229628 Ext.- ,229628 Ext.- ,Swapnil Bafana
141,142,3225,"Saraswathi Vidya Bhavan's College of Pharmacy, Dombivli","Shankaranagar, Shilpada Road, Dombivali (E), Dist : Thane ",svbpharma@rediffmail.com,Thane,Dr.Monita P. Gide  M.Pharm Ph.D.,6515160 Ext.- 21,6515161 Ext.- 21,Dhammadeep Lohbande
142,143,3226,"Mumbai Educational  Trust's Institute of Pharmacy, Mumbai","General Arunkumar Vaidya Chowk, Bandra Reclamation, Bandra (W) Mumbai ",degree_iop@met.edu,Mumbai Suburban,Dr.(Mrs.)Abha Doshi,39554230 Ext.- ,39554226 Ext.- ,Mrs.Manasi Vaidya
143,144,3228,"SVKM's Dr. Bhanuben Nanavati College of Pharmacy, Mumbai","Gate No.1, Mithibai College Campus, 1st Floor, V.M. Road, Vile parle (West), Mumbai",registrar@bncp.ac.in,Mumbai Suburban,Dr. Munira Momin,42332052 Ext.- 2053,42332052 Ext.- 2053,Reshma Sidhwani
144,145,3229,"Dr. L. H. Hiranandani College of Pharmacy ,Ulhasnagar","C.H.M. College Campus, Opp. Ulhasnagar Railway Station Ulhasnagar Dist : Thane ",dlhhcop@hsncb.com,Thane,Dr. Parag S. Gide,2733963 Ext.- , Ext.- ,Dr. L. H. Hiranandnai College of Pharmacy 
145,146,3230,"NCRD's Sterling Institute of Pharmacy, Navi Mumbai","Plot 93 sector 19 Nerul(E), Navi Mumbai ",ncrdsipoffice@gmail.com,Thane,Dr. M.S.Gadge,27715308 Ext.- 208,9819939298 Ext.- ,Dr. Suvarna Phadtare
146,147,3231,"Oriental College of Pharmacy , Navi Mumbai","Plot No. 2,3 & 4 , Sector 2, Sanpada, Navi Mumbai  Dist. Raigad",admin.ocp@oes.ac.in,Raigad,Dr.(Mrs.) Sudha Rathod,27753117 Ext.- 226,27758215 Ext.- 226,surekha gaikwad
147,148,3232,"Yadavrao Tasgaonkar Institute of Pharmacy,Chandhai, Bhiv-puri Road Station, Tal-Karjat","Dr.N.Y.Tasgaonkar Education Complex, Village Chandhai,Near Bhivpuri Road Rly station,Tal-Karjat,(on Mumbai-Pune Rly Rout) Dist. Raigad",nanduyt@hotmail.com,Raigad,Dr. Rupali R.Tasgaonkar,7350833666 Ext.- ,7350833666 Ext.- ,Mr. Satywan Sawant 
148,149,3233,"Govindrao Nikam College Of Pharmacy, Sawarde",Sawarde (Wahalphata) Tal. Chiplun Dist. Ratnagiri ,sssdgpharmacy@rdiffmail.com,Ratnagiri,Dr. BATTASE ANIL PURSHOTTAM,264163 Ext.- ,264163 Ext.- ,WAGHCHOURE PRAVIN S
149,150,3234,"Maharashtra Education Society's H.K. College of Pharmacy, Jogeshwari, Mumbai","Prateeksha Nagar, New MHADA Colony, transit camp, Jogeshwari, Mumbai ",anubha.khale@hkcp.edu.in,Mumbai Suburban,DR. ANUBHA R. KHALE,26788462 Ext.- 22,26774639 Ext.- 34,MR. AYUB CHOUGULE
150,151,3235,"Gahlot Institute of Pharmacy, Koparkhairane, Navi Mumbai","Plot No 59 , Sector  14,  Koparkhairane,Navi Mumbai ",gahlot_pharma@rediffmail.com,Thane,Dr. V.H.Bhaskar,27550816 Ext.- 202,27550819 Ext.- ,Mrs.Chhaya Waghmare
151,152,3236,"Konkan Gyanpeeth Rahul Dharkar College of Pharmacy & Research Institute, Karjat, Dahivali, Karjat  Dist. Raigad","Vengaon Road, Dahivali, Karjat, Dist. Raigad ",p.kgrdcp@gmail.com,Raigad,Dr.Mohan K.Kale,220312 Ext.- , Ext.- ,SHIVRAM S. PATIL
152,153,3237,"Vivekanand Education Society's College of Pharmacy, Chembur, Mumbai","Hashu Advani Memo Complex, Behind Collector Colony, Wadhawali Village, Chembur Mumbai ",vespharm@yahoo.co.in,Mumbai Suburban,Dr. Supriya Shidhaye,61144144 Ext.- 209,25241533 Ext.- ,MILIND GHADI
153,154,3238,"Adarsh Shikshan Prasarak Mandal's Ideal College of Pharmacy & Research, Ambernath","Bhalgaon At/Post - Dwarli, Haji Malang Road, Kalyan Rly. Station  Dist- Thane ",principal_icpr@idealcollege.in,Thane,Dr. Smita Takarkhede,7718838222 Ext.- ,8779515266 Ext.- ,Mr. Sanjay Tiwari
154,155,3239,"Prabhodhan Shikshan Prasarak Sanshta's Indira Institute of Pharmacy, Sadavali","A/P Sadavali (Devrukh) Taluka: Sangmeshwar, Dist. Ratnagiri",info@iip.ind.in,Ratnagiri,Dr. B. C. Hatapakki,261799 Ext.- 201,261499 Ext.- 202,MAYURESH BHOPALKAR
155,156,3240,"Aldel Education Trust's St. John Institute of Pharmacy and Research, Vevoor, Palghar","St. John Technical Education Complex, Village Vevoor,Manor Road, Palghar (E), ",office@sjipr.edu.in,Palghar,Dr. (Mrs.) Savita Josephine Tauro,256792 Ext.- 200,256792 Ext.- 200,MR. SATISH KUMAR TIWARI
156,157,3241,"Vighnarta Trust, Shivajirao Jondhale College of Pharmacy, Shahapur","Shahpur, Opp. Asangaon Rly Station,  Shahpur, Dist. Thane ",vjtsscoe@rediffmail.com,Thane,DR. JAGDEVAPPA S PATIL,273999 Ext.- ,26459999 Ext.- ,Kalpana S. Londhe
157,158,3242,"Shri Rishikesh Shikshan Prasarak Mandal, D.D.Vispute College of Pharmacy & Research Center, (Devad),New Panvel","Gat No. 104, AT Post Devad,Vichumbe, Near New Panvel, Tal-Panvel, Dist-Raigad",ashish_aeish@rediffmail.com,Raigad,Dr. Ashish S. Jain,27462888 Ext.- ,27468870 Ext.- ,prasad mhatre
158,159,3243,"Padmshree Dr. D. Y. Patil College of Architecture, Navi Mumbai","Padmshree Dr. D. Y. Patil College of Architecture,  Padmashree Dr. D. Y. Patil Vidyapeeth Campus, Sector - 7,Nerul, Navi Mumbai.Dist. Raigad",principaldypca@gmail.com,Raigad,Prof. S.V.CHAUDHARI,27709594 Ext.- ,27709454 Ext.- ,D. D. Kolte
159,160,3244,"Bharati Vidyapeeth's College of Architecture, Belapur, Navi Mumbai","Sector-8,C.B.D.,Belapur, Opp.Konkan Bhavan. Navi Mumbai  Dist. Raigad ",principal.bvcoa@gmail.com,Raigad,Mrs.Ritu Deshmukh,27571451 Ext.- , Ext.- ,Mr.Suresh More
160,161,3245,"Mahatma Education Society's Pillais College of Architecture, New Panvel","Pillais College of Architecture Dr. K.M.Vasudevan Pillai's Campus, 10, Sector 16, New Panvel, Navi Mumbai Dist. Raigad",pica.panvel@gmail.com,Raigad,(Dr.) Sudnya Mahimkar,27456100 Ext.- 122, Ext.- ,Virginia Fernandes
161,162,3246,"Rizvi College of Architecture,Bandra(W), Mumbai","Rizvi Educational  Complex, Off Carter Road, Bandra (W), Mumbai",rizviarchitecture@gmail.com,Mumbai Suburban,Mohin Merchant,26050624 Ext.- , Ext.- ,Tabrez Khan
162,163,3247,"Kamla Raheja Vidhyanidhi  Institute for Architecture and Environmental Studies, Mumbai","Vidyanidhi Marg, J.V.P.D. Scheme, 10th Road, Mumbai ",admin@krvia.ac.in,Mumbai Suburban,Mr. Aneerudha Paul - Director,26700918 Ext.- ,26700918 Ext.- ,Rasika Pande
163,164,3248,"Late Baliram Hiray S.S. Trust's Dr.Baliram Hiray College of Architecture, Mumbai","Sr No. 351,Opp Kherwadi Police Station,  Next to New English School, Govt. Colony, Bandra (E), Mumbai",hirayarch@yahoo.co.in,Mumbai Suburban,Ar. Sunil Magdum,26570986 Ext.- , Ext.- ,ANIL PARAB
164,165,3249,"Indian Education Society's College of Architecture, Mumbai","VML Vidyasankul Opp. Leelavati Hospital, 791, Bandra Reclamation, Bandra (W), Mumbai ",iescoa@ies.edu,Mumbai Suburban,IES COLLEGE OF ARCHITECTURE,26561856 Ext.- 858,26561717 Ext.- 851,KALPANA PITALE
165,166,3250,The Sultan Khan Educational Trust's Asmita College of Architecture,"At NH English Academy Campus, Asmita Enclave, Mira Road(E) Dist. Thane",asmitaarch@yahoo.com,Thane,Ar. Vinayak Nabar, Ext.- ,28126464 Ext.- ,.
166,167,3251,"L.S. Raheja School of Architecture, Bandra(E), Mumbai","Raheja Educational Complex, Kher Nagar, Opp.Colgate  Pamolive Ground, Bandra(E), Mumbai.",rahejaarch@lsrsa.edu.in,Mumbai Suburban,Prof. Mandar V. Parab,61966666 Ext.- 103, Ext.- ,Dashrath Kudtarkar
167,168,3252,"Samayak Sankalp College of Architecture, Aadivali, Ambernath","At post Aadivali, Taluka Ambernath, Dist. Thane",ssc_architecture@rediffmail.com,Thane,Prof.H.B.BHOGLE,2350412 Ext.- , Ext.- ,Shri. P.H.Thorat
168,169,3255,"Mandar Education Society's Rajaram Shinde  Institute of Engineering and Technology, Pedhambe","Mandar Education Society's, Rajaram Shinde Instt of Engg  Ratnagiri , 415603",mandar.rsiet@gmail.com,Ratnagiri,Mr. NALAWADE R. B.,230003 Ext.- 2067, Ext.- ,Mr. Bhure P. S. 
169,170,3256,"Bharati Vidyapeeth's Institute of Technology, Navi Mumbai","Belpada, C. B. D. SECTOR - 7, OPP. Kharghar Railway Station, Navi Mumbai.",bvitmumai@yahoo.com,Thane,Mr.P.N.Tandon,27572434 Ext.- 169,27580126 Ext.- ,Dilip Ganpat Mahadik
170,171,3257,"Vidya Prasarak Mandal's Polytechnic, Thane","Chendani, Bunder Road, Jnanadweepa , College Campus Thane , 400601",vpmpoly@vpmthane.org,Thane,Dr. D.K. Nayak,25364494 Ext.- 302,25446551 Ext.- ,Ms. Sunanda Dabhade
171,172,3258,"Agnel Polytechnic (Fr. Agnel Charities) , Vashi, Navi Mumbai","Sector 9A, Vashi, Navi Mumbai",423agnel@gmail.com,Thane,Mrs. Saly Antony,27771000 Ext.- 121,27771000 Ext.- 121,Swapnali P. Thottam
172,173,3260,"Khalapur Taluka Shikshan Prasarak Mandal's,  B.L. Patil Polytechnic, Khopoli, Dist.Raigad","Near Old Police Station, Khopoli,Raigad  410203",ktspkpk@rediffmail.com,Raigad,Prof. Prashant S. Mane,266157 Ext.- 00,266157 Ext.- 00,Mr.S.L.Murade
173,174,3262,"Vidyavardhini's Bhausaheb Vartak Polytechnic, Vasai,Thane","Vidyavardhini's  Campus , Vasai Road (W.Rly) Thane , 401202",vbvpolytechnic@rediffmail.com,Palghar,Mr. P. M. Patidar,2334291 Ext.- ,6554946 Ext.- ,M.B. Vartak
174,175,3263,"Smarth Samaj's S. H. Jondhale Polytechnic, Dombivli","S. S. Jondhale Educational Complex,Shastri Nagar,Dombivli(W) Thane , 421202",shjptech@yahoo.co.in,Thane,MR.MAGAR D. C.,2491544 Ext.- ,2489999 Ext.- 641,MR.PATARE L. E.
175,176,3264,Sahyadri Shikshan Sanstha's Sahyadri Poly.Sawarde(Ratnagiri)," Technical Campus ,  Sawarde (Vahal Phata), Tal:Chiplun, Ratnagiri , 415606",0108principal@msbte.com,Ratnagiri,Mr.BHOSALE  M. R.,264173 Ext.- ,264400 Ext.- ,Mr. Yashawantrao N.A.
176,177,3267,"Sai Shiva Education Trust's, Muchhala Polytechnic,Thane","Sai Baba Vihar Complex, Anandnagar Thane , 400601",muchhalapolytechnic@gmail.com,Thane,Mr. R.S.Bawaskar,25973939 Ext.- 666,25973939 Ext.- 666,Mr D.D Verma
177,178,3268,"Samarth. Samaj's. Shivajirao S. Jondhale Polytechnic, Ambernath(E), Mumbai","Navare Nagar, B Cabin Road, Ambernath(E),Thane , 421501",147.principal.poly@gmail.com,Thane,Mr. Nandarge R.K.,2685004 Ext.- ,2687385 Ext.- ,Mr.M.N.Pathare
178,179,3270,"Maratha Mandir's Babasaheb Gawade Institute of Technology, Mumbai","Maratha Mandir annex,Babasaheb Gawade Chowk,  Mumbai , 400008",ajit.parab@mmbgims.com,Mumbai City,Mr.Ajit Bhikaji Parab,66044100 Ext.- ,66044100 Ext.- ,Yogesh Sawant
179,180,3272,"Ramrao Adik Education Society's Dr. D.Y.Patil Polytechnic, Nerul","Dr. D.Y.Patil Vidyanagar, Sector-7, Phase-1, Nerul,New Mumbai 400706",dypatilpolytechnic@rediffmail.com,Thane,N.P. VETALE,27709592 Ext.- ,27719596 Ext.- ,UDAY SHENDE
180,181,3274,"Vidyalankar Polytechnic, Mumbai","Vidyalankar Educational Campus,Antop Hill, Wadala, Vidyalankar Marg, Mumbai , 400037",principal@vpt.edu.in,Mumbai City,Ashish Ukidve,24161126 Ext.- 2001, Ext.- ,VIJAY PATIL
181,182,3275,"Kala Vidyamandir Institute of Technology (Polytechnic), Malad(W), Mumbai","MHADA World Bank project, Plot  No. M3, RSC,Gaekwad Nagar, Malad(W),Mumbai , 400095",kvmitprinicipal@rediffmail.com,Mumbai Suburban, S. N. GORE,28440012 Ext.- ,28440012 Ext.- ,P.T.NALE
182,183,3277,"Shree Shankar Narayan Education Trust,Pravin Patil College of Diploma Engg. & Technology, Bhayinder (E) Western Rly","Navghar,Bhayander(E), Thane , 401105",info@prppolytechnic.com,Thane,MRS. R. B. PATIL,28044871 Ext.- ,28044871 Ext.- ,MR. RAJESH BHOIR
183,184,3278,"Anjuman-I-Islam's Abdul Razzak Kalsekar Polytechnic,Panvel, Navi Mumbai","Plot No. 3,  Sector-16, Near Garden Hotel ,Khanda Gaon Raigad , 410206",principal.aiarkp@gmail.com,Raigad,Mr. Ramjan Khatik ,27454670 Ext.- ,27481508 Ext.- 201,Nematullah Ataullah
184,185,3279,"Institute of Printing Technoloy and Research, Panvel","Plot No. 3, Sector - 11, Balbharati Marg, Khanda Colony, New Panvel, 410206",mmpiptr@gmail.com,Raigad,Mr. Balasaheb Ambekar,27481677 Ext.- , Ext.- ,Mr. Balasaheb Ambekar
185,186,3280,"Shivajirao S. Jondhle Polytechnic, Asangaon, Shahapur.Thane","Opp. Railway Station,Asangaon, Shahapur. Thane , 421601",vjtsscoe@rediffmail.com,Thane,Mrs. Geeta Khare,2481544 Ext.- 14,2481544 Ext.- 14,deepak bhide
186,187,3281,"Saraswati Education Society,Saraswati Institute of Technology, Kharghar, Navi Mumbai","Plot No.-46/46A, Behind M.S.E.B.Sub Station, Near Utsav Chowk, Sector-5, Kharghar Navi Mumbai Raigad , 410210",ses.siot.os.09@gmail.com,Raigad,Mr.D.R. Suroshe,27743705 Ext.- 202,27743706 Ext.- 202,Mr. Amar A. Shinde
187,188,3282,"Saraswati Education Society, Yadavrao Tasgaonkar Polytechnic, Chandha, Nasarapur, Bhivpuri Road Railway","Chandha, Nasarapur, Bhivpuri Road,Near Railway Station, Taluka Karjat Raigad , 410201",nanduyt@hotmai.com,Raigad,Prof. Nilesh S. Bhelkar,320596 Ext.- 02148, Ext.- ,Mr. Janardan G. Sawant
188,189,3283,"Mahatma Education Society's, Pillai HOC Polytechnic, Rasayani","at Pillai HOCL Educational Campus, Rasayani, Tal.Khalaur, Raigad.",pillaihocpolytechnic@mes.ac.in,Raigad,Mr.Amar V.Mange,252005 Ext.- 133,250066 Ext.- 133,Ms. Vrushali G. Patil
189,190,3284,"Prabhakar Patil Education Society's, Polytechnic,Raigad","SR.No. 54a,At.Bilavale (Thakur Wadi)Post. Vavadal,Tal: Khalapur Tal.Khalapur, Dist.Raigad  410202",ppespoly@gmail.com,Raigad,Krishna A Joshi,271046 Ext.- ,9699416673 Ext.- ,Abhijit Thakur
190,191,3285,"Dnyan Prasarak Shikshan Sanstha's, Balasaheb Mhatre Polytechnic,Ambarnath","S.No. 158-1a,160-3/1a,At Kanhor,Tal Ambarnath, Dist Thane ",bmpolytechnic09@gmail.com,Thane,Nagesh Pandit Patil,2665015 Ext.- ,2665015 Ext.- ,Snehal N Jagtap
191,192,3286,"Leela Education Society, G. V. Acharya Polytechnic,Shelu,  Karjat","Opp.Shelu Rly.Stn. Shelu(W) Tal.Karjat, Dist. Raigad  410201",chitalemukundm@gmail.com,Raigad,Mr. Rajendra H. Pawar,229638 Ext.- , Ext.- ,Mr. Niranjan P. Varrier
192,193,3288,"Bhartiya Education/Social Charitable Trust, Sheth Shri Otarmal Sheshmal Parmar College Of Diploma, Raigad","S.No.Of Land 349/350, Velshet-Nagothane,Post:Paigonda Tal:Roha, Dist:Raigad  401106",principalssosp@gmail.com,Raigad,Ashok D. Chavan,222522 Ext.- ,222523 Ext.- ,Mahesh Jambekar
193,194,3290,Sahyadri Shikshan Sanstha's College of Pharmacy Sawarde,"Savarde, Technical Campus (Wahal Phata)  Ratnagiri , 415606",pharmacycollegesawarde@yahoo.in,Ratnagiri,Mr.S. G. Desai,264106 Ext.- ,264215 Ext.- ,Mr. Gosavi R.D.
194,195,3291,"Mandar Education Society's College of Pharmacy(Diploma), Pedhambe",At.Alore Post Pedhambe ,ssscopharmacy@gmail.com,Ratnagiri,MR.RANGATE CHANDRAKANT SOPANRAO,230011 Ext.- ,230011 Ext.- , MR.VILAS M KHAIRNAR
195,196,3292,"Navyug Vidyapeeth Trust's Institute of Pharmacy,Mahad, Raigad","Ladawali, Mahad, Dist:Raigad-402301",navyug.org@gmail.com,Raigad,Mrs  Harsha Prakash Patil,222344 Ext.- 205,223114 Ext.- 205,Mrs  Harsha Prakash Patil
196,197,3293,"Mumbai Education Trust's Institute Of Pharmacy, Mumbai","Gen.Arunkumar Vaidya Chowk, Near Lilavati Hospital,Bandra Reclamation,Bandra West Mumbai , 400050",pharmacy_166@yahoo.co.in,Mumbai Suburban,DR. S.D.BHOSALE,39554230 Ext.- , Ext.- ,Mrs. Manisha P. Alat
197,198,3294,"National Centre For Rural Development's  Institute Of Pharmacy , Nerul, Navi Mumbai","Plot No. 93, Opposite Seawoods Rly Stn, Sector 19 Nerul(East),Navi Mumbai 400706",ncrd.iop@rediffmail.com,Thane,Dr. Rupesh Pingale,27715308 Ext.- 207, Ext.- 207,Dipak Walse
198,199,3296,"Saraswati Education Society's Yadavrao Tasgaonkar Institute Of Pharmacy(Diploma), Bhivpuri, Karjat","Chandhai, Near Bhivpuri Railway Station, Taluka- Karjat, Dist- Raigad 400028",ytipdiploma@gmail.com,Raigad,Mrs. Rupali Milind Patil,320600 Ext.- , Ext.- ,Vasant k.Sulgaonkar
199,200,3297,"Adarsh Shikshan Mandal's Ideal College Of Pharmacy, Kalyan","Adarsh Vidya Nagari, 21/11, Bhal Gaon, P.O. Dwarli, Haji Malang Road, Via Kalyan Ryl Stn. Thane , 421301",principal_icp@idealcollege.in,Thane,Mr. Manohar Mrchandani,7718838222 Ext.- ,9322372512 Ext.- ,Mrs.Manjula Kamat
200,201,3298,"Bhartiya Education Soc.'s Institute of Pharmacy, Velshet, Tal. Roha, Dist. Raigad","At. Velshet, Nagothen, Tal. Roha, Dist. Raigad. 402106",besvspcy@gamil.com,Raigad,Anagha R. Samant,222848 Ext.- ,222848 Ext.- ,Rajesh B. Sutar
201,202,3306,"Kiran Patel Educatin Trust's Sardar Vallabhbhai Patel Polytechnic,Mumbai","I.C. Colony , Link Road Mumbai , 400101",svpp11@rediffmail.com,Mumbai City,MR. SUNNY SALL,28925045 Ext.- 118,28925029 Ext.- 118,MR. SHASHIKANT G. KHADE
202,203,3307,Nagrik Shikshan Sanstha's College of Pharmacy,"NSS Educational Complex, 'A' wing,3rd floor,94,Tardeo,Mumbai  400034",nsspharmacy165@yahoo.com,Mumbai City,Dr.(Mrs.) D.M.Desai,8976000138 Ext.- ,23524233 Ext.- ,Mrs. N.N.Tarphe
203,204,3350,"Durgadevi Saraf Institute of Management Studies, Malad (W), Mumbai","23-A, 24-28, S.V.Road, Malad (W), Mumbai 400064",c.babu@dsims.org.in,Mumbai Suburban,Dr. C Babu,45207711 Ext.- 2325, Ext.- ,Kavita Darji
204,205,3351,"Bharat College of Engineering, Kanhor, Badlapur(W)","Kanhor, Badlapur(w).,Tal- Ambernath. Dist. Thane ",info@bharatedu.co.in,Thane,Dr.S.A.Pattekari,2665001 Ext.- ,7666615915 Ext.- ,Mr. Satish Vishe
205,206,3353,"Dilkap Research Institute Of Engineering and Management Studies, At.Mamdapur, Post- Neral, Tal- Karjat,  Mumbai","Village At.Mamdapur, Post- Neral, Tal- Karjat,  Dist.Raigadh",sumaneducationaltrust@gmail.com,Raigad,DR K NARAYAN CHOUDHARY,651806 Ext.- 8,651806 Ext.- ,Mr. Jalindar Shinde
206,207,3354,"Kohinoor Business School,  Kurla (West), Mumbai","Kohinoor City, Kirol Road, Kurla West Off LBS Road Mumbai  400070",contact@kbs.ac.in,Mumbai Suburban,Dr. Abbasi Attarwala,67887700 Ext.- 736,67887700 Ext.- 725,Shraddha Joshi
207,208,3356,"Prabhakar Patil Education Society's Institute of Management Studies,Alibag, Raigad","Plot no.4&6, Survey No. 81/6 at & Post Veshvi Gondhalpada,Alibag. Raigad , 402103",ppesims@gmail.com,Raigad,Prof. Anuj Kurmar Mishra,633272 Ext.- 02141, Ext.- ,Patil Mandar Kashinath
208,209,3357,"S A V Acharya Institute of Management Studies, Shelu, Tal. Karjat","Shelu/Damat Village, Taluka Karjat, Dist Thane Raigad , 410101",director.3357savaims.mumbai@gmail.com,Raigad,Dr. Shivakant Upadhyaya,229669 Ext.- ,229668 Ext.- ,Krishna Kishore
209,210,3358,"SAS Institute of Management Studies, Boisar Dist. Thane","next to saidham complex, Saravali Boisar, Dist. Thane 401501",deep.sasinstitute@gmail.com,Palghar,Neerja Srivastava,329741 Ext.- ,264827 Ext.- ,Mrs. Sonali Hadkar
210,211,3359,"SASMIRA's Institute of Management Studies & Research, Worli, Mumbai","Sasmira Marg, Worli Mumbai - 400 030 Mumbai Mumbai , 400030",simsr@sasmira.org,Mumbai City,Dr. Tandon Kamal,24932047 Ext.- 231,24932047 Ext.- ,Mr. Sambhaji H. Kumbhar
211,212,3360,"GNVS Institute of Management, Sion-Koliwada(E), Mumbai","Guru Tegh Bahadur Nagar,Sion Koliwada (East) GTB Nagar Rly Stn(E), Mumbai",gnvsiom@gmail.com,Mumbai City,DR RAMAN KUMAR SAILY,24013273 Ext.- ,24030054 Ext.- 401,DHANESH BHURAN
212,213,3419,"Sir M Visvesvaraya Institute of Management Studies & Research, Wadala, Mumbai","7A, Wadala(W), Wadala, Mumbai. 400031",svims1@gmail.com,Mumbai City,Dr. Purshottam Patil ,24180560 Ext.- ,24180561 Ext.- ,Yatin Karbhari
213,214,3420,"Rajendra Mane Polytechnic, Devrukh, Tal. Sangmeshwar, Dist. Ratnagiri","Survey No. 50/19 & 48/10, Ambav, Devrukh, Tal. Sangmeshwar,Dist-Ratnagiri-415804",info@rmp.ind.in,Ratnagiri,Prof. Nitin B. Bhopale,269477 Ext.- ,269454 Ext.- ,PRASHANT BHINGARDE
214,215,3421,"VIVA College of Diploma Engg &Tech., At. Bolinj, Virar (W) Dist. Thane"," At. Bolinj, Virar (W) Thane , 401303",contact@vivadiploma.org,Palghar,Prof.Surendra Devidas Ghatol,7888018019 Ext.- ,9970811793 Ext.- ,MR. MAHENDRA KAJARE
215,216,3422,"New Jai Bharat Shikshan Prasarak Mandal’s Shantiniketan Polytechnic, New Panvel","Plot No. 27, Sector 2, New Panvel. Raigad ",njbspmp@gmail.com,Raigad,Prof. Nanasaheb Tambe,27460087 Ext.- ,27460089 Ext.- ,Mrs. Bakul Namdev Dighe 
216,217,3423,"Shree L.R. Tiwari College of Engineering, Mira Road, Mumbai","Survey no. 267, Near Commisioner's Bungalow,Kanakiya Park,Mira Road (E)Thane",slrtce@rahuleducation.com,Thane,Dr.S. Ram Reddy,28120144 Ext.- 209,28120145 Ext.- 209,hubale santosh
217,218,3427,"Mahatma Education Society's Pillai's HOC College of Architecture, Rasayani","Pillai's HOCL Educational Campus, Rasayani,Tal- Khalapur, Via Panvel, Dist. Raigad",phcarch@gmail.com,Raigad,MRS.SUCHITA M. SAYAJI,252005 Ext.- 111,252067 Ext.- ,Aakash Latke
218,219,3428,"Bharati Vidyapeeth Institute of Pharmacy, Belapur Navi Mumbai","Sector 8, C.B.D. Belapur, Navi Mumbai. 400614",bharatiiop@rediffmail.com,Thane,Prof. S.U. Mulla,27572131 Ext.- 501, Ext.- ,Mr. V.T. Thorat
219,220,3436,"B.R. Harne College of Engineering & Technology, Karav, Tal-Ambernath.","At.Karav, Post Vangani(w), Tal. Ambernath, Dist. Thane ",jsiddhivinayakf@gmail.com,Thane,Dr. Vikram A. Patil ,2910190 Ext.- ,2910193 Ext.- ,Shailesh
220,221,3437,"Sahyadri Institute of Management & Research, Sawarde.","Sawarde, N.H. 17, Chiplun, Dist. Ratnagiri. 415606",simrs2011@gmail.com,Ratnagiri,Miss. Ashwini Jalindar Mahadik,264025 Ext.- 02355,264025 Ext.- 02355,prakash Atmaram jadhav
221,222,3438,"Aditya Institute of Management Studies & Research, Borivali","F.P. No. 661+663+667/B, TPSIII, Ram Nagar, Borivali(W), Mumbai",info@aimsr.com,Mumbai Suburban,Dr. Sunita Srivastava,61106111 Ext.- ,61106117 Ext.- ,Seema Kedia 
222,223,3439,"Anjuman-I-Islam's Kalsekar Technical Campus, Panvel","Plot No.2, 3 Sector - 16, Khandgaon, Thane Naka, Panvel Dist. Raigad ",aiktc.newpanvel@gmail.com,Raigad,Dr. ABDUL RAZZAK HONNUTAGI,27481247 Ext.- ,27481249 Ext.- ,Dr. Jamil Daud
223,224,3440,"Metropolitan Institute of Technology & Management, Sukhalwad, Sindhudurg.","At Village Sukhalwad, Near Sindhudurg Railway Station, Post Oras, Tal. Malvan Dist. Sindhudurg",jbfmumbai@gmail.com,Sindhudurg,Suryakant C. Nawle,228553 Ext.- , Ext.- ,Rakesh Pal
224,225,3442,"Rustomjee Business School, Dahisar.","Rustom Irani Marg, Dahisar(W), Mumbai   400068",rbs@school.rustomjee.com,Mumbai Suburban,Dr. Hanif Kanjer,28937458 Ext.- ,28938348 Ext.- ,Ms. Stevina Rumao
225,226,3443,"Sheila Raheja School of Business Management & Research, Bandra(E), Mumbai.","Raheja Educational Complex, Khernagar, Opp. Colgate Ground, Bandra(E), Mumbai. 400051",admin@srbs.edu.in,Mumbai Suburban,Dr.Vijay Wagh,61966666 Ext.- 401,61966611 Ext.- ,Geeta Chauhan
226,227,3445,"Vishvatmak Jangli Maharaj Ashram Trust's Vishvatmak Om Gurudev College of Engineering, Mohili-Aghai, Shahpur.","At - Mohili, Post. Aghar, Taluka Shahapur, Dist. Thane",vishwatmakengg@gmail.com,Thane,Dr. Manojkumar Prabhakar Chavan,249001 Ext.- 217, Ext.- ,Waghmode Madan Narayan
227,228,3446,"Kala Vidyalaya Trust, Kala Institute of Management Studies & Research, Kandivali","Plot No 2,RSC 6, S.No.41(PART),Sector 8.CTS. No.3,Village Charkop Kandivali(west), Mumbai.  400067",kimms571@gmail.com,Mumbai Suburban,SHRI. V.B. PATIL,29677669 Ext.- ,28440012 Ext.- ,P.T.NALE
228,229,3447,"G.M.Vedak Institute of Technology, Tala, Raigad.","At Post Taluka. Tala, Dist. Raigad ",gmvedakit@gmail.com,Raigad,Dr.Dilip N. Jaiswal ,269004 Ext.- ,269004 Ext.- ,Prof. Satish Jadhav
229,230,3448,"Gokhale Education Society, Katgara Polytechnic Institute, Bordi.","At Post Bordi, Taluka Dhahanu, Dist. Thane  401701",katgarapolytechnic@gmail.com,Palghar,Prin. Ganesh U. Mali,254040 Ext.- ,254040 Ext.- ,Prof. Prakash K. save
230,231,3449,"S.K.Education Trust, Dr. Manoj A Shete College of Engineering & Technology, Kasara.","At Post Kasara, Tal. Shahapur, Dist. Thane ",skeducationtrust@yahoo.com,Thane,MR.RAMESH LIMBAJI SURWASE,246023 Ext.- , Ext.- ,mr.sanjay Bhalerao 
231,232,3450,"St.Wilfreds Institute of Architecture, Panvel","Survey No 92A/A Opposite Ayush Resort ,Near Shedung Tollnaka,Old Bombay Pune Highway,Panvel Dist. Raigad ",swc.mumbai@gmail.com,Raigad,Abhishek Jain, Ext.- , Ext.- ,Mukesh Soni
232,233,3451,"Lokmanya Tilak Institute of Architecture and Design Studies, Kopar Khairane, Navi Mumbai.","Sector-4, Vikas Nagar, Kopar Khairane, Navi Mumbai. ",ltiads2011@gmail.com,Thane,Prof. Harish Setty,27542441 Ext.- ,27542442 Ext.- ,Anil S. Yadav
233,234,3452,"Matoshri. Ushatai Jadhav Institute of Management studies & Research Centre, Bhivandi","Dhamankar Naka, Vidyashram, Bhivandi Thane , 421305",muimrc@gmail.com,Thane,Dr.Sopan Atmaram Bhamare,228585 Ext.- ,228585 Ext.- ,Pratiksha Manish Deolalkar
234,235,3457,"Chetana'S Institute Of Management and Research, Bandra(E), Mumbai","Survey No. 341, Govt. Colony, Bandra (E), Mumbai, - 400051",director@cimr.in,Mumbai Suburban,Dr. Madhumita Patil,62157800 Ext.- 2202,62157805 Ext.- ,Nilesh Patil
235,236,3458,"Smt. Geeta D. Tatkare Polytechnic At Gove, Kolad","At Gove, Post Kolad, Taluka Roha, Dist. Raigad.",sgdtatkarepoly@gmail.com,Raigad,VIPUL VIKAS MASAL,203020 Ext.- 02194,250101 Ext.- 02194,Mr.Ajit Raman Telange
236,237,3459,"Bunts Sangha's Uma Krishna Shetty Institute of Management Studies & Research, Kurla","Buntara Bhavan, Bhandaray Estate, Buntara Bhavan Marg, Kurla, Mumbai ",reach.uks@gmail.com,Mumbai Suburban,Dr.Krishna Shetty,24059090 Ext.- , Ext.- ,Mr. Prakash More
237,238,3460,"Universal College of Engineering,Kaman Dist. Palghar","Kaman Bhiwandi Road, S.N. 146(Part), Kaman, Vasai",moses.lopes@universal.edu.in,Palghar,Dr. Jitendra B Patil ,69624580 Ext.- ,2210044 Ext.- ,Mr. Moses Lopes
238,239,3462,"VPM's Maharshi Parshuram College of Engineering, Velneshwar, Ratnagiri.","At Post Velneshwar, Hedvai-Guhagar Road, Guhagar,Ratnagiri.",info@vpmmpcoe.org,Ratnagiri,Dr. Amitkumar T. Mane,243101 Ext.- ,9527634958 Ext.- ,Mr. Ravindra Rasal
239,240,3463,"Urja Education Society's Aditya Polytechnic, Ratnagiri","Gat No. 493, At And Post Talawade, College Road, Near Adavali Railway Station, Taluka Lanja, Dist. Ratnagiri",urja.aditya@gmail.com,Ratnagiri,SHRADDHA S. DESAI,9673963564 Ext.- ,9673963564 Ext.- ,GEETAMANJIRI S. JOSHI
240,241,3464,"Viva Institute of Pharmacy, Virar(E)","Shirgaon, Virar(E), Dist. Palghar",pharmacy@vivacollege.org,Palghar,DR SUNITA OGALE,7770002544 Ext.- 118, Ext.- ,Mr. Mahendra Kajare
241,242,3465,"Ideal Institute of Technology, Wada, Dist.Thane","40, Pasheri Village, Pimplaj road, Taluka Wada, Dist.Thane. ",idealinstituteoftechnology13@gmail.com,Palghar,Dr. Bhuwan Chandra ,212144 Ext.- 02526,212144 Ext.- 02526,Mr. Jugal Mehra 
242,243,3466,"Devi Mahalaxmi Polytechnic, Titwala, Kalyan","At Mhaskal, Near Ganesh Temple, Titwala, Kalyan. ",principal.dmpc@gmail.com,Thane,Madhukar Asre,25948752 Ext.- 022,25948752 Ext.- 022,Dr Madhukar Asre
243,244,3467,"Vishwaniketan's Institute of Management Entrepreneurship and Engineering Technology(i MEET), Khalapur Dist Raigad","Survey No. 52 Kumbhivali, On Mumbai-Pune Expressway, Near Khalapur Toll Naka ,Tal-Khalapur, Dist- Raigad",mail.vishwaniketan@gmail.com,Raigad,Dr. B. R. Patil,274206 Ext.- ,274210 Ext.- ,Mr. H. R. Mavkar
244,245,3468,"Aditya College of Architecture, Borivali (W), Mumbai","Adiya Educational Campus, R.M. Bhattad marg, Ram Nagar, Boravali (W), Mumbai",aditya.architecture@gmail.com,Mumbai Suburban,AR RITA NAYAK,61106111 Ext.- ,61106134 Ext.- ,SEEMA KEDIA
245,246,3469,"Dalvi Education and charitable trust Maharashtra Polytechnic, Soveli, Tal. Mandangad","At Shenale, Post Soveli, Tal. Mandangad, Dist Ratnagiri",kalpesh.shinde1984@gmail.com,Ratnagiri,Dinesh Bhadane, Ext.- , Ext.- ,Kalpesh Shinde
246,247,3470,"Yashwantrao Bhonsale Polytechnic, Charathe,  Sawantwadi","At Post Charathe ( Vazarwadi), Tal.Sawantwadi, Sindhudurg.",ybpolytechnic@gmail.com,Sindhudurg,Gajanan Bhosale,273535 Ext.- 30,273456 Ext.- 30,Prasad Mahale
247,248,3471,"New Horizon Institute of Technology & Management, Thane","Anand Nagar, Kavesar, Off. Ghodbunder Road, Thane(W)",principal@nhitm.ac.in,Thane,Dr. Prashant D.Deshmukh ,25971778 Ext.- ,25971778 Ext.- ,Mr. Rupesh Pethe
248,249,3472,"Thakur School of Architecture, Kandivali","Thakur Education Campus, Shamnarayan thakur marg, Thakur Village, Kandivali(E), Mumbai.",tsap@thakureducation.org,Mumbai Suburban,Prof. AR.DHIRAJ SALHOTRA,67308001 Ext.- 003, Ext.- ,Mithun Pednekar
249,250,3474,"Ideal Institute of Architecture, Posheri, Wada","Gat No. 40-1 and 2, Pimpal Road, Poseri, Tal. Wada, Dist.Thane",abhigodha431@gmail.com,Palghar,Vrushali Deshmukh,25262144 Ext.- 44, Ext.- ,Madan Lal
250,251,3475,"A. P. Shah Institute of Technology, Thane","Survey No. 12, Opp. Hypercity Mall, Kasarvadavali, Ghodbunder Road, Thane (W)",principal@apsit.org.in,Thane,Dr. Uttam D. Kolekar,25973737 Ext.- , Ext.- ,Dr. Sameer S. Nanivadekar
251,252,3477,"Chhartrapati Shivaji Maharaj Institute of Technology, Shedung, Panvel","92A/1, Old Mumbai Pune Highway, Near Shedung Toll naka Village Shedung, Panvel, Dist Raigad",csmit.mah@gmail.com,Raigad,Abhishek Jain, Ext.- , Ext.- ,Mukesh Soni
252,253,3478,"CTES College of Architecture, Chembur, Mumbai.","N.G. Acharya Marg, Chembur, Mumbai.",principal@ctescoa.com,Mumbai Suburban,Alka Tawari,25217343 Ext.- 257,25217343 Ext.- 257,Supriya Mantri
253,254,3479,"Shivgiita Institute of Diploma in Pharmacy, Asangaon.","Opp. Asangaon Railway Station, Asangaon, Dist.Thane",vjtsscoe@rediffmail.com,Thane,Prof. Sunayana Ghodgaonkar,273999 Ext.- ,271399 Ext.- ,kalpana londhe 
254,255,3480,"Yashwantrao Bhonsale College of Pharmacy, A/P Charathe, Sawantwadi","Buidling No.2, A/P Charathe, Vazarwadi, Tal.Sawantwadi, Dist.Sindhudurg",ybpharmacy@gmail.com,Sindhudurg,Dr. Jagtap Vijay A.,272299 Ext.- ,272233 Ext.- ,Prasad K. Mahale
255,256,3481,"The Navkonkan Education Society's Institute of Management Studies, Chiplun","S.K.Patil Nagar, Mumbai Goa High way, Chiplun, Dist.Ratnagiri",neimschiplun@gmail.com,Ratnagiri,Dr.Anagha Gokhale,253043 Ext.- , Ext.- ,Vijay Sawant
256,257,3482,"B.R. Harne College of Architecture, Karav, Vangani(W)","AT Village Karav, Vangani(West), Dist Thane ",brharnecoa@gmail.com,Thane,Mr. Uday Keshav More, Ext.- , Ext.- ,MR. VAMAN YADAV
257,258,3483,"Vishwaniketan College of Architecture, Art & Design, Khalapur","Survey No. 52, Kumbhivali Near Khalapur Toll Naka, off Mumbai-Pune, Expressway, Khalapur, Raigad",vcaad@vishwaniketan.edu.in,Raigad,Suchetha Mathew,2192274206 Ext.- , Ext.- ,Manoj Anandrao Suryavanshi
258,259,3484,"Smt. K.L. Tiwari College of Architecture, Nalasopara, Palghar","Survey No. 185, 177, Near Mother Merry English School, Shri Prastha, Nalasopara, Dist Palghar",kantiltiwari1@gmail.com,Palghar,Mrs. Rupali H.Gupte,8007916355 Ext.- ,9975626257 Ext.- ,Mr. Santosh Hubale
259,260,3485,"St. Wilfred's Institute of Pharmacy, Panvel","old Mumbai-Pune Highway Near Shedoung Toll plaza, Raigad",swc.mumbai@gmail.com,Raigad,Abhishek Jain,2143239091 Ext.- , Ext.- ,MukeshSoni
260,261,3486,"Shree Saraswati Institute of Pharmacy, At Post Tondavali, Kankavali","At Post Tondavali, Nandgaon-Ponda road, Taluka Kankavali, Dist.Sindhudurg",shreesaraswatipharmacy@gmail.com,Sindhudurg,Kedar Tukaram Kisan,248589 Ext.- ,0 Ext.- ,Nikhil Vasant Sawant
261,262,3487,"Ideal Institute of Pharmacy, Wada","Ideal Foundation, Wada, Taluka Wada, District Palghar",idealpharmacy3487@gmail.com,Palghar,Dr. Umesh latyan,0222526214 Ext.- , Ext.- ,MR. LOKESH VYAS
262,263,3488,"School of Environment and Architecture, Borivali","Eksar Road, Borivali(west), Mumbai.",contact@sea.edu.in,Mumbai Suburban,Ravindra Punde, Ext.- , Ext.- ,Dipti Bhaindarkar
263,264,3489,"Yashwantrao Bhonsale College of D. Pharmacy, Charathe Vazarwadi","Building NO.4, A/P Charathe Vazarwadi, Taluka Sawantwadi, Dist Sindhudurg",ybdpharmacy@gmail.com,Sindhudurg,Mr. Tushar G. Rukari,272251 Ext.- , Ext.- ,Prasad K. Mahale
264,265,3490,"VP College of Pharmacy, Madkhol, Sawantwadi","Gut No.286, At Post Madkhol, Taluka Sawantwadi, Dist Sindhudurg",vpcpm2017@gmail.com,Sindhudurg,Dr. Sunil Shingade,246670 Ext.- ,246770 Ext.- ,Mr Pankaj Patil
265,266,3492,"SBNM College of Pharmacy(D.Pharmacy), Mahad","Gut No.311 & 313, Achloli, Mahad, Raigad",sbnm.cop@gmail.com,Raigad,Mr. Kamble Subodh Vishnukant,9970166872 Ext.- ,8600494586 Ext.- ,Mr. Kamble Subodh Vishnukant
266,267,3493,"Shri Angarsiddha Shikshan Prasarak Mandal's ASPM College of Pharmacy, Sangulwadi","At Post Sangulwadi, Tal Vaibhavwadi, Dist. Sindhudurg",aspmpharmacy@gmail.com,Sindhudurg,Sudhakar Yeole,237270 Ext.- 02367,237270 Ext.- 02367,Sandeep Patil
267,268,3494,"Smt. Jayshree Sharadchandra Kothari Business School, Dadar, Mumbai","DES Mumbai Campus, Kirti College Road, Veer Savarkar Marg, Mumbai",office.jskbs@despune.org,Mumbai City,Dr. Rasika Mallya,62764554 Ext.- ,62764551 Ext.- ,Shridhar Chougule
268,269,3495,"Vasantdada Patil Pratishthan's Manohar Phalke College of Architecture, Sion-Chunabhatti, Mumbai","Vasantdada Patil Educational Complex, Eastern Express Highway, Sion-Chunabhatti, Mumbai.",sheetalckamble@gmail.com,Mumbai City,Ar. Surendra C. Rane,20847227 Ext.- ,20847227 Ext.- ,SHEETAL CHANDRAKANT KAMBLE
269,270,3496,"Vivekanand Education Society's  College of Architecture, Chembur, Mumbai","Hashu Advani Memorial Complex, Behind Collector Colony, R.C. Marg, Chembur, Mumbai",,Mumbai Suburban,Shri Anand Achari , Ext.- , Ext.- ,MRS.ROSHNI MORE
270,271,3497,"S.K. Education Trust's Dr. Manoj A. Shete College of Architecture,  Kasara","At post Kasara, Taluka  Shahapur, Dist.Thane",manojpchavan@gmail.com,Thane,Dr. Manojkumar Chavan,8108000534 Ext.- , Ext.- ,yogeshwari hardas
271,272,3498,"Sasmiras Business School, Worli, Mumbai","Sasmira Marg Worli Mumbai - 400030 , Mumbai, Mumbai City , Maharashtra 400030",sbs@sasmira.org,Mumbai City,Dr. Sanskruti Kadam,24935351 Ext.- 231, Ext.- ,Sambhaji Kumbhar
272,273,3499,"M.S. College Of Pharmacy, Devghar","Sy. No. 120, Devghar,  Taluka : Wada Dist: Palghar, Thane",mscollegeofpharmacy2019@gmail.com,Palghar,MR. LOKESH VYAS, Ext.- , Ext.- ,MR. SAMEER KHAN
273,274,3500,"Vijayrao Naik College Of  Pharmacy, Shirval","A/P Shirval, Tal-Kankavli, Dist. Sindhudurg",vncop19@gmail.com,Sindhudurg,Dr. Supriya R. Hyam, Ext.- , Ext.- ,Mr. Mandar Trimbak Sawant
274,275,3501,"Siddhis Institute Of Pharmacy, Nandgaon",At.Post Nandgaon Tal. Murbad Dist  Thane,principal.siddhi@gmail.com,Thane,Pachpute T S,8408035769 Ext.- ,7666548761 Ext.- ,Santosh Deshmukh
275,276,3503,"Indala College Of Engineering, Bapsai Tal.Kalyan","Near Hp Gagangiri Petrol Pump, Kalyan-Murbad Road, Bapsai, Taluka Kalyan, Dist Thane ",icoekalyan1@gmail.com,Thane,Dr. C.M. CHOUDHARI,2973456 Ext.- , Ext.- ,Prof. ATUL ZOPE
276,277,3504,"Raigad College Of Pharmacy, Mohopre","Mohopre, Tal. Mahad, Dist. Raigad",raigadcop@gmail.com,Raigad,MR. TANGADE AMOL RAMCHANDRA,8956972859 Ext.- ,9970166872 Ext.- ,ARUN UTTAMRAO DEVRE
277,278,3505,"Abhinav Institute Of Pharmacy, Chinchpada","4/3 B Chinchpada,, Taluka Ambernath, District Thane",abhinavinstituteofpharmacy@gmail.com,Thane,ANURADHA BHUSHANKUMAR SAKHARE,2250455 Ext.- 0251,9850442188 Ext.- ,S.K. TRIPATHI
278,279,3506,"Shri. Pandit Baburao Chaughule College Of Pharmacy, Rahanal","At/Po. Rahanal, Anjur Phata, Jakat Naka, Bhiwandi",spbc.pharmacy@gmail.com,Thane,SHRI INDRAPAL BABURAO CHAUGHULE, Ext.- , Ext.- ,Dr. Vinayak Dahiwale
279,280,3507,"Indala School of Architechture, Bapsai Tal.Kalyan","Near Hp Gagangiri Petrol Pump, Kalyan-Murbad Road, Bapsai, Kalyan  421301",isoakalyan1@gmail.com,Thane,DR. SHASHANK NINAWE, Ext.- , Ext.- ,Prof. ATUL NARKHEDE
280,281,3508,"B.K. Patil Institute of Pharmacy, Taloja, Panvel","Shiv Mandir, Taloja, Taluka Panvel Dist.Raigad",kghpss.2019@gmail.com,Raigad,Mrs.Iniya Madhan kumaar,0222742464 Ext.- ,9987118533 Ext.- ,VIJAY DNYANOBA KAKEKAR
